[
{
  "model": "auth.group",
  "pk": 1,
  "fields": {
    "name": "Moderators",
    "permissions": [
      1,
      106,
      107,
      109,
      108,
      110,
      111,
      113,
      112
    ]
  }
},
{
  "model": "auth.group",
  "pk": 2,
  "fields": {
    "name": "Editors",
    "permissions": [
      1,
      106,
      107,
      109,
      108,
      110,
      111,
      113,
      112
    ]
  }
},
{
  "model": "auth.user",
  "pk": 1,
  "fields": {
    "password": "pbkdf2_sha256$600000$Sevtpg2QACFXXPKEayQ3Qg$Cq9fp0HHK96zyfTqKQUGYQAxFeqoVVHTac2M5WJMDz4=",
    "last_login": "2025-12-25T17:20:38.218Z",
    "is_superuser": true,
    "username": "niallmahon",
    "first_name": "",
    "last_name": "",
    "email": "mahonniall2012@gmail.com",
    "is_staff": true,
    "is_active": true,
    "date_joined": "2025-12-25T17:19:42.383Z",
    "groups": [],
    "user_permissions": []
  }
},
{
  "model": "wagtailredirects.redirect",
  "pk": 1,
  "fields": {
    "old_path": "/about-odenn",
    "site": 2,
    "is_permanent": true,
    "redirect_page": 4,
    "redirect_page_route_path": "",
    "redirect_link": "",
    "automatically_created": true,
    "created_at": "2025-12-25T18:27:26.920Z"
  }
},
{
  "model": "wagtailredirects.redirect",
  "pk": 2,
  "fields": {
    "old_path": "/cycle-parking",
    "site": 2,
    "is_permanent": true,
    "redirect_page": 5,
    "redirect_page_route_path": "",
    "redirect_link": "",
    "automatically_created": true,
    "created_at": "2025-12-25T18:46:46.823Z"
  }
},
{
  "model": "wagtailredirects.redirect",
  "pk": 3,
  "fields": {
    "old_path": "/cycle-parking/falcolevel-premium-two-tier-cycle-parking",
    "site": 2,
    "is_permanent": true,
    "redirect_page": 9,
    "redirect_page_route_path": "",
    "redirect_link": "",
    "automatically_created": true,
    "created_at": "2025-12-25T18:46:46.823Z"
  }
},
{
  "model": "wagtailredirects.redirect",
  "pk": 4,
  "fields": {
    "old_path": "/cycle-hubs",
    "site": 2,
    "is_permanent": true,
    "redirect_page": 6,
    "redirect_page_route_path": "",
    "redirect_link": "",
    "automatically_created": true,
    "created_at": "2025-12-25T18:46:46.836Z"
  }
},
{
  "model": "wagtailredirects.redirect",
  "pk": 5,
  "fields": {
    "old_path": "/shelters-canopies-walkways-and-bin-stores",
    "site": 2,
    "is_permanent": true,
    "redirect_page": 7,
    "redirect_page_route_path": "",
    "redirect_link": "",
    "automatically_created": true,
    "created_at": "2025-12-25T18:46:46.846Z"
  }
},
{
  "model": "wagtailredirects.redirect",
  "pk": 6,
  "fields": {
    "old_path": "/street-furniture",
    "site": 2,
    "is_permanent": true,
    "redirect_page": 8,
    "redirect_page_route_path": "",
    "redirect_link": "",
    "automatically_created": true,
    "created_at": "2025-12-25T18:46:46.855Z"
  }
},
{
  "model": "wagtailusers.userprofile",
  "pk": 1,
  "fields": {
    "user": 1,
    "submitted_notifications": true,
    "approved_notifications": true,
    "rejected_notifications": true,
    "updated_comments_notifications": true,
    "preferred_language": "",
    "current_time_zone": "",
    "avatar": "",
    "dismissibles": {
      "help": true,
      "whats-new-in-wagtail-7.2": true,
      "editor-guide": true
    },
    "theme": "system",
    "contrast": "system",
    "density": "default",
    "keyboard_shortcuts": true
  }
},
{
  "model": "wagtaildocs.document",
  "pk": 1,
  "fields": {
    "collection": 1,
    "title": "FalcoLevel-Premium+ Two Tier Cycle Parking Product Sheet",
    "file": "documents/FalcoLevel-Premium_Two_Tier_Cycle_Parking_Product_Sheet.pdf",
    "created_at": "2025-12-25T19:15:02.649Z",
    "uploaded_by_user": 1,
    "file_size": 4308223,
    "file_hash": "fd07aa42bac665d61e99d7fcf1d557c407eeb9c5"
  }
},
{
  "model": "wagtailimages.image",
  "pk": 1,
  "fields": {
    "collection": 1,
    "title": "FalcoGamma1",
    "file": "original_images/FalcoGamma1.jpg",
    "description": "",
    "width": 1281,
    "height": 1281,
    "created_at": "2025-12-25T17:45:04.220Z",
    "uploaded_by_user": 1,
    "focal_point_x": null,
    "focal_point_y": null,
    "focal_point_width": null,
    "focal_point_height": null,
    "file_size": 1600103,
    "file_hash": "6a51ed93757f1cfd2e355efd7f0a88f9de2da6eb"
  }
},
{
  "model": "wagtailimages.image",
  "pk": 2,
  "fields": {
    "collection": 1,
    "title": "2395.487d5c08",
    "file": "original_images/2395.487d5c08.jpg",
    "description": "",
    "width": 900,
    "height": 600,
    "created_at": "2025-12-25T18:06:41.270Z",
    "uploaded_by_user": 1,
    "focal_point_x": null,
    "focal_point_y": null,
    "focal_point_width": null,
    "focal_point_height": null,
    "file_size": 42552,
    "file_hash": "709e42abe71d39eb5305c7fe76247fd9d9051bea"
  }
},
{
  "model": "wagtailimages.image",
  "pk": 3,
  "fields": {
    "collection": 1,
    "title": "katelyn-wamsley--vUpO6nt5os-unsplash",
    "file": "original_images/katelyn-wamsley--vUpO6nt5os-unsplash.jpg",
    "description": "",
    "width": 5776,
    "height": 4336,
    "created_at": "2025-12-25T18:59:44.112Z",
    "uploaded_by_user": 1,
    "focal_point_x": null,
    "focal_point_y": null,
    "focal_point_width": null,
    "focal_point_height": null,
    "file_size": 1718319,
    "file_hash": "8eda94b87ca028ace2b9ea8e8760316acd112e35"
  }
},
{
  "model": "wagtailimages.image",
  "pk": 4,
  "fields": {
    "collection": 1,
    "title": "thumb_280c_31.522.121-10-maxima-centrale-electrabel-lelystad-ipv-delft.de88175c",
    "file": "original_images/thumb_280c_31.522.121-10-maxima-centrale-electrabel-lelystad-ipv-delft.de8.jpg",
    "description": "",
    "width": 480,
    "height": 160,
    "created_at": "2025-12-25T19:05:40.260Z",
    "uploaded_by_user": 1,
    "focal_point_x": null,
    "focal_point_y": null,
    "focal_point_width": null,
    "focal_point_height": null,
    "file_size": 13822,
    "file_hash": "1e10d2bb385bb334d2da0e3234b8d14cb9582fac"
  }
},
{
  "model": "wagtailimages.image",
  "pk": 5,
  "fields": {
    "collection": 1,
    "title": "Bin Store.d2a02dad",
    "file": "original_images/Bin_Store.d2a02dad.jpg",
    "description": "",
    "width": 480,
    "height": 141,
    "created_at": "2025-12-25T19:06:49.991Z",
    "uploaded_by_user": 1,
    "focal_point_x": null,
    "focal_point_y": null,
    "focal_point_width": null,
    "focal_point_height": null,
    "file_size": 10577,
    "file_hash": "b3c33d24171dc26f8a3cd3741b9b05a44755bbdf"
  }
},
{
  "model": "wagtailimages.image",
  "pk": 6,
  "fields": {
    "collection": 1,
    "title": "ipswich-hospital-cycle-hub",
    "file": "original_images/ipswich-hospital-cycle-hub.jpg",
    "description": "",
    "width": 2016,
    "height": 1043,
    "created_at": "2025-12-25T19:07:27.581Z",
    "uploaded_by_user": 1,
    "focal_point_x": null,
    "focal_point_y": null,
    "focal_point_width": null,
    "focal_point_height": null,
    "file_size": 1692881,
    "file_hash": "68425c767c0bad58af14da27d26e22fc2dad32e7"
  }
},
{
  "model": "wagtailimages.image",
  "pk": 7,
  "fields": {
    "collection": 1,
    "title": "Manchester Piccadilly Cycle Parking Two-Tier Cycle Racks 2",
    "file": "original_images/Manchester_Piccadilly_Cycle_Parking_Two-Tier_Cycle_Racks_2.jpg",
    "description": "",
    "width": 2016,
    "height": 1388,
    "created_at": "2025-12-25T19:08:26.064Z",
    "uploaded_by_user": 1,
    "focal_point_x": null,
    "focal_point_y": null,
    "focal_point_width": null,
    "focal_point_height": null,
    "file_size": 973296,
    "file_hash": "b9ecde62bd77ca09309f467cc1a377c93ee61ee1"
  }
},
{
  "model": "wagtailimages.rendition",
  "pk": 1,
  "fields": {
    "filter_spec": "max-165x165",
    "file": "images/FalcoGamma1.max-165x165.jpg",
    "width": 165,
    "height": 165,
    "focal_point_key": "",
    "image": 1
  }
},
{
  "model": "wagtailimages.rendition",
  "pk": 2,
  "fields": {
    "filter_spec": "width-800",
    "file": "images/FalcoGamma1.width-800.jpg",
    "width": 800,
    "height": 800,
    "focal_point_key": "",
    "image": 1
  }
},
{
  "model": "wagtailimages.rendition",
  "pk": 3,
  "fields": {
    "filter_spec": "max-165x165",
    "file": "images/2395.487d5c08.max-165x165.jpg",
    "width": 165,
    "height": 109,
    "focal_point_key": "",
    "image": 2
  }
},
{
  "model": "wagtailimages.rendition",
  "pk": 4,
  "fields": {
    "filter_spec": "width-600",
    "file": "images/2395.487d5c08.width-600.jpg",
    "width": 600,
    "height": 400,
    "focal_point_key": "",
    "image": 2
  }
},
{
  "model": "wagtailimages.rendition",
  "pk": 5,
  "fields": {
    "filter_spec": "fill-400x300",
    "file": "images/2395.487d5c08.2e16d0ba.fill-400x300.jpg",
    "width": 400,
    "height": 300,
    "focal_point_key": "2e16d0ba",
    "image": 2
  }
},
{
  "model": "wagtailimages.rendition",
  "pk": 6,
  "fields": {
    "filter_spec": "width-800",
    "file": "images/2395.487d5c08.width-800.jpg",
    "width": 800,
    "height": 533,
    "focal_point_key": "",
    "image": 2
  }
},
{
  "model": "wagtailimages.rendition",
  "pk": 7,
  "fields": {
    "filter_spec": "width-1200",
    "file": "images/FalcoGamma1.width-1200.jpg",
    "width": 1200,
    "height": 1200,
    "focal_point_key": "",
    "image": 1
  }
},
{
  "model": "wagtailimages.rendition",
  "pk": 8,
  "fields": {
    "filter_spec": "max-165x165",
    "file": "images/katelyn-wamsley--vUpO6nt5os-unsplash.max-165x165.jpg",
    "width": 165,
    "height": 123,
    "focal_point_key": "",
    "image": 3
  }
},
{
  "model": "wagtailimages.rendition",
  "pk": 9,
  "fields": {
    "filter_spec": "width-1920",
    "file": "images/katelyn-wamsley--vUpO6nt5os-unsplash.width-1920.jpg",
    "width": 1920,
    "height": 1441,
    "focal_point_key": "",
    "image": 3
  }
},
{
  "model": "wagtailimages.rendition",
  "pk": 10,
  "fields": {
    "filter_spec": "max-165x165",
    "file": "images/thumb_280c_31.522.121-10-maxima-centrale-ele.max-165x165.jpg",
    "width": 165,
    "height": 55,
    "focal_point_key": "",
    "image": 4
  }
},
{
  "model": "wagtailimages.rendition",
  "pk": 11,
  "fields": {
    "filter_spec": "width-1920",
    "file": "images/thumb_280c_31.522.121-10-maxima-centrale-elec.width-1920.jpg",
    "width": 480,
    "height": 160,
    "focal_point_key": "",
    "image": 4
  }
},
{
  "model": "wagtailimages.rendition",
  "pk": 12,
  "fields": {
    "filter_spec": "max-165x165",
    "file": "images/Bin_Store.d2a02dad.max-165x165.jpg",
    "width": 165,
    "height": 48,
    "focal_point_key": "",
    "image": 5
  }
},
{
  "model": "wagtailimages.rendition",
  "pk": 13,
  "fields": {
    "filter_spec": "width-1920",
    "file": "images/Bin_Store.d2a02dad.width-1920.jpg",
    "width": 480,
    "height": 141,
    "focal_point_key": "",
    "image": 5
  }
},
{
  "model": "wagtailimages.rendition",
  "pk": 14,
  "fields": {
    "filter_spec": "max-165x165",
    "file": "images/ipswich-hospital-cycle-hub.max-165x165.jpg",
    "width": 165,
    "height": 85,
    "focal_point_key": "",
    "image": 6
  }
},
{
  "model": "wagtailimages.rendition",
  "pk": 15,
  "fields": {
    "filter_spec": "width-1920",
    "file": "images/ipswich-hospital-cycle-hub.width-1920.jpg",
    "width": 1920,
    "height": 993,
    "focal_point_key": "",
    "image": 6
  }
},
{
  "model": "wagtailimages.rendition",
  "pk": 16,
  "fields": {
    "filter_spec": "max-165x165",
    "file": "images/Manchester_Piccadilly_Cycle_Parking_Two-Tier.max-165x165.jpg",
    "width": 165,
    "height": 113,
    "focal_point_key": "",
    "image": 7
  }
},
{
  "model": "wagtailimages.rendition",
  "pk": 17,
  "fields": {
    "filter_spec": "width-1920",
    "file": "images/Manchester_Piccadilly_Cycle_Parking_Two-Tier_.width-1920.jpg",
    "width": 1920,
    "height": 1321,
    "focal_point_key": "",
    "image": 7
  }
},
{
  "model": "wagtailimages.rendition",
  "pk": 18,
  "fields": {
    "filter_spec": "fill-400x300",
    "file": "images/ipswich-hospital-cycle-hub.2e16d0ba.fill-400x300.jpg",
    "width": 400,
    "height": 300,
    "focal_point_key": "2e16d0ba",
    "image": 6
  }
},
{
  "model": "wagtailimages.rendition",
  "pk": 19,
  "fields": {
    "filter_spec": "fill-400x300",
    "file": "images/Manchester_Piccadilly_Cycle_Parkin.2e16d0ba.fill-400x300.jpg",
    "width": 400,
    "height": 300,
    "focal_point_key": "2e16d0ba",
    "image": 7
  }
},
{
  "model": "wagtailimages.rendition",
  "pk": 20,
  "fields": {
    "filter_spec": "fill-400x300",
    "file": "images/Bin_Store.d2a02dad.2e16d0ba.fill-400x300.jpg",
    "width": 188,
    "height": 141,
    "focal_point_key": "2e16d0ba",
    "image": 5
  }
},
{
  "model": "wagtailimages.rendition",
  "pk": 21,
  "fields": {
    "filter_spec": "fill-400x300",
    "file": "images/thumb_280c_31.522.121-10-maxima-ce.2e16d0ba.fill-400x300.jpg",
    "width": 214,
    "height": 160,
    "focal_point_key": "2e16d0ba",
    "image": 4
  }
},
{
  "model": "wagtailsearch.indexentry",
  "pk": 1,
  "fields": {
    "content_type": 47,
    "object_id": "3",
    "title_norm": 0.7857142857142857,
    "autocomplete": "home",
    "title": "home",
    "body": ""
  }
},
{
  "model": "wagtailsearch.indexentry",
  "pk": 2,
  "fields": {
    "content_type": 1,
    "object_id": "1",
    "title_norm": 1.375,
    "autocomplete": "Root",
    "title": "Root",
    "body": ""
  }
},
{
  "model": "wagtailsearch.indexentry",
  "pk": 3,
  "fields": {
    "content_type": 28,
    "object_id": "1",
    "title_norm": 0.6666666666666666,
    "autocomplete": "FalcoGamma1",
    "title": "FalcoGamma1",
    "body": ""
  }
},
{
  "model": "wagtailsearch.indexentry",
  "pk": 4,
  "fields": {
    "content_type": 48,
    "object_id": "4",
    "title_norm": 0.75,
    "autocomplete": "About ODENN",
    "title": "About ODENN",
    "body": ""
  }
},
{
  "model": "wagtailsearch.indexentry",
  "pk": 5,
  "fields": {
    "content_type": 45,
    "object_id": "5",
    "title_norm": 0.6615384615384615,
    "autocomplete": "Cycle Parking",
    "title": "Cycle Parking",
    "body": ""
  }
},
{
  "model": "wagtailsearch.indexentry",
  "pk": 6,
  "fields": {
    "content_type": 45,
    "object_id": "6",
    "title_norm": 0.8833333333333334,
    "autocomplete": "Cycle Hubs",
    "title": "Cycle Hubs",
    "body": ""
  }
},
{
  "model": "wagtailsearch.indexentry",
  "pk": 7,
  "fields": {
    "content_type": 45,
    "object_id": "7",
    "title_norm": 0.31893687707641194,
    "autocomplete": "Shelters, Canopies, Walkways and Bin Stores",
    "title": "Shelters, Canopies, Walkways and Bin Stores",
    "body": ""
  }
},
{
  "model": "wagtailsearch.indexentry",
  "pk": 8,
  "fields": {
    "content_type": 45,
    "object_id": "8",
    "title_norm": 0.875,
    "autocomplete": "Street Furniture",
    "title": "Street Furniture",
    "body": ""
  }
},
{
  "model": "wagtailsearch.indexentry",
  "pk": 9,
  "fields": {
    "content_type": 28,
    "object_id": "2",
    "title_norm": 1.0683760683760684,
    "autocomplete": "2395.487d5c08",
    "title": "2395.487d5c08",
    "body": ""
  }
},
{
  "model": "wagtailsearch.indexentry",
  "pk": 10,
  "fields": {
    "content_type": 46,
    "object_id": "9",
    "title_norm": 0.3976190476190476,
    "autocomplete": "FalcoLevel-Premium+ Two-Tier Cycle Parking",
    "title": "FalcoLevel-Premium+ Two-Tier Cycle Parking",
    "body": "Benefits Compared to traditional two-tier cycle parking systems, the new aluminium FalcoLevel Premium+ two tier cycle rack from Falco, has some distinct benefits over its cheaper rivals: Significant sound reduction from upper tier removing a large amount of noise pollution. Smoother action for the storage and retrieval of bikes. Has multiple locking points for differing cycle designs. Just as easy to park a bicycle on the upper rack as the lower rack. Better suited for modern bikes with higher and wider handle bars. Lighter to use than steel units making upper tier available to more cyclists. Ergonomic handgrip, with a thicker, warm to touch material that can be lifted with one or two hands. Lower lifting height (of the bike into the gutter). The roll in angle of the bike is less steep. Integrated floating feet for mounting on uneven surfaces. Modular design enables flexible c.t.c. bike spacing measurements. Stylish looking modern European design.  Features Some key features of the FalcoLevel-Premium+ arise from it’s two year development cycle: The FalcoLevel Premium+ has excellent build quality, typical of a Falco product. Utilises gas struts for easy lifting. Rollers are manufactured from hard wearing nylon with a stainless steel bearing. Adjustable feet for uneven surfaces. Robust welded construction for steel framework - hot dip galvanised to BS EN ISO 1461 and available in 192 RAL colours.  The FalcoLevel-Premium+ is suitable for indoor or outdoor use. Falco also manufacture a range of single sided and double sided shelter and canopy structures ideal for sheltering the two-tier system. All steel parts can be powder coated in any of the 192 standard RAL colours upon request. "
  }
},
{
  "model": "wagtailsearch.indexentry",
  "pk": 11,
  "fields": {
    "content_type": 49,
    "object_id": "10",
    "title_norm": 1.609090909090909,
    "autocomplete": "Contact Us",
    "title": "Contact Us",
    "body": ""
  }
},
{
  "model": "wagtailsearch.indexentry",
  "pk": 12,
  "fields": {
    "content_type": 50,
    "object_id": "11",
    "title_norm": 1.9270833333333333,
    "autocomplete": "Products",
    "title": "Products",
    "body": ""
  }
},
{
  "model": "wagtailsearch.indexentry",
  "pk": 13,
  "fields": {
    "content_type": 28,
    "object_id": "3",
    "title_norm": 0.4722222222222222,
    "autocomplete": "katelyn-wamsley--vUpO6nt5os-unsplash",
    "title": "katelyn-wamsley--vUpO6nt5os-unsplash",
    "body": ""
  }
},
{
  "model": "wagtailsearch.indexentry",
  "pk": 14,
  "fields": {
    "content_type": 28,
    "object_id": "4",
    "title_norm": 0.27124773960216997,
    "autocomplete": "thumb_280c_31.522.121-10-maxima-centrale-electrabel-lelystad-ipv-delft.de88175c",
    "title": "thumb_280c_31.522.121-10-maxima-centrale-electrabel-lelystad-ipv-delft.de88175c",
    "body": ""
  }
},
{
  "model": "wagtailsearch.indexentry",
  "pk": 15,
  "fields": {
    "content_type": 28,
    "object_id": "5",
    "title_norm": 1.1777777777777778,
    "autocomplete": "Bin Store.d2a02dad",
    "title": "Bin Store.d2a02dad",
    "body": ""
  }
},
{
  "model": "wagtailsearch.indexentry",
  "pk": 16,
  "fields": {
    "content_type": 28,
    "object_id": "6",
    "title_norm": 0.8269230769230769,
    "autocomplete": "ipswich-hospital-cycle-hub",
    "title": "ipswich-hospital-cycle-hub",
    "body": ""
  }
},
{
  "model": "wagtailsearch.indexentry",
  "pk": 17,
  "fields": {
    "content_type": 28,
    "object_id": "7",
    "title_norm": 0.4077079107505071,
    "autocomplete": "Manchester Piccadilly Cycle Parking Two-Tier Cycle Racks 2",
    "title": "Manchester Piccadilly Cycle Parking Two-Tier Cycle Racks 2",
    "body": ""
  }
},
{
  "model": "wagtailsearch.indexentry",
  "pk": 18,
  "fields": {
    "content_type": 27,
    "object_id": "1",
    "title_norm": 0.45436507936507936,
    "autocomplete": "FalcoLevel-Premium+ Two Tier Cycle Parking Product Sheet",
    "title": "FalcoLevel-Premium+ Two Tier Cycle Parking Product Sheet",
    "body": ""
  }
},
{
  "model": "wagtailsearch.sqliteftsindexentry",
  "pk": 1,
  "fields": {
    "autocomplete": "home",
    "title": "home",
    "body": ""
  }
},
{
  "model": "wagtailsearch.sqliteftsindexentry",
  "pk": 2,
  "fields": {
    "autocomplete": "Root",
    "title": "Root",
    "body": ""
  }
},
{
  "model": "wagtailsearch.sqliteftsindexentry",
  "pk": 3,
  "fields": {
    "autocomplete": "FalcoGamma1",
    "title": "FalcoGamma1",
    "body": ""
  }
},
{
  "model": "wagtailsearch.sqliteftsindexentry",
  "pk": 4,
  "fields": {
    "autocomplete": "About ODENN",
    "title": "About ODENN",
    "body": ""
  }
},
{
  "model": "wagtailsearch.sqliteftsindexentry",
  "pk": 5,
  "fields": {
    "autocomplete": "Cycle Parking",
    "title": "Cycle Parking",
    "body": ""
  }
},
{
  "model": "wagtailsearch.sqliteftsindexentry",
  "pk": 6,
  "fields": {
    "autocomplete": "Cycle Hubs",
    "title": "Cycle Hubs",
    "body": ""
  }
},
{
  "model": "wagtailsearch.sqliteftsindexentry",
  "pk": 7,
  "fields": {
    "autocomplete": "Shelters, Canopies, Walkways and Bin Stores",
    "title": "Shelters, Canopies, Walkways and Bin Stores",
    "body": ""
  }
},
{
  "model": "wagtailsearch.sqliteftsindexentry",
  "pk": 8,
  "fields": {
    "autocomplete": "Street Furniture",
    "title": "Street Furniture",
    "body": ""
  }
},
{
  "model": "wagtailsearch.sqliteftsindexentry",
  "pk": 9,
  "fields": {
    "autocomplete": "2395.487d5c08",
    "title": "2395.487d5c08",
    "body": ""
  }
},
{
  "model": "wagtailsearch.sqliteftsindexentry",
  "pk": 10,
  "fields": {
    "autocomplete": "FalcoLevel-Premium+ Two-Tier Cycle Parking",
    "title": "FalcoLevel-Premium+ Two-Tier Cycle Parking",
    "body": "Benefits Compared to traditional two-tier cycle parking systems, the new aluminium FalcoLevel Premium+ two tier cycle rack from Falco, has some distinct benefits over its cheaper rivals: Significant sound reduction from upper tier removing a large amount of noise pollution. Smoother action for the storage and retrieval of bikes. Has multiple locking points for differing cycle designs. Just as easy to park a bicycle on the upper rack as the lower rack. Better suited for modern bikes with higher and wider handle bars. Lighter to use than steel units making upper tier available to more cyclists. Ergonomic handgrip, with a thicker, warm to touch material that can be lifted with one or two hands. Lower lifting height (of the bike into the gutter). The roll in angle of the bike is less steep. Integrated floating feet for mounting on uneven surfaces. Modular design enables flexible c.t.c. bike spacing measurements. Stylish looking modern European design.  Features Some key features of the FalcoLevel-Premium+ arise from it’s two year development cycle: The FalcoLevel Premium+ has excellent build quality, typical of a Falco product. Utilises gas struts for easy lifting. Rollers are manufactured from hard wearing nylon with a stainless steel bearing. Adjustable feet for uneven surfaces. Robust welded construction for steel framework - hot dip galvanised to BS EN ISO 1461 and available in 192 RAL colours.  The FalcoLevel-Premium+ is suitable for indoor or outdoor use. Falco also manufacture a range of single sided and double sided shelter and canopy structures ideal for sheltering the two-tier system. All steel parts can be powder coated in any of the 192 standard RAL colours upon request. "
  }
},
{
  "model": "wagtailsearch.sqliteftsindexentry",
  "pk": 11,
  "fields": {
    "autocomplete": "Contact Us",
    "title": "Contact Us",
    "body": ""
  }
},
{
  "model": "wagtailsearch.sqliteftsindexentry",
  "pk": 12,
  "fields": {
    "autocomplete": "Products",
    "title": "Products",
    "body": ""
  }
},
{
  "model": "wagtailsearch.sqliteftsindexentry",
  "pk": 13,
  "fields": {
    "autocomplete": "katelyn-wamsley--vUpO6nt5os-unsplash",
    "title": "katelyn-wamsley--vUpO6nt5os-unsplash",
    "body": ""
  }
},
{
  "model": "wagtailsearch.sqliteftsindexentry",
  "pk": 14,
  "fields": {
    "autocomplete": "thumb_280c_31.522.121-10-maxima-centrale-electrabel-lelystad-ipv-delft.de88175c",
    "title": "thumb_280c_31.522.121-10-maxima-centrale-electrabel-lelystad-ipv-delft.de88175c",
    "body": ""
  }
},
{
  "model": "wagtailsearch.sqliteftsindexentry",
  "pk": 15,
  "fields": {
    "autocomplete": "Bin Store.d2a02dad",
    "title": "Bin Store.d2a02dad",
    "body": ""
  }
},
{
  "model": "wagtailsearch.sqliteftsindexentry",
  "pk": 16,
  "fields": {
    "autocomplete": "ipswich-hospital-cycle-hub",
    "title": "ipswich-hospital-cycle-hub",
    "body": ""
  }
},
{
  "model": "wagtailsearch.sqliteftsindexentry",
  "pk": 17,
  "fields": {
    "autocomplete": "Manchester Piccadilly Cycle Parking Two-Tier Cycle Racks 2",
    "title": "Manchester Piccadilly Cycle Parking Two-Tier Cycle Racks 2",
    "body": ""
  }
},
{
  "model": "wagtailsearch.sqliteftsindexentry",
  "pk": 18,
  "fields": {
    "autocomplete": "FalcoLevel-Premium+ Two Tier Cycle Parking Product Sheet",
    "title": "FalcoLevel-Premium+ Two Tier Cycle Parking Product Sheet",
    "body": ""
  }
},
{
  "model": "wagtailadmin.editingsession",
  "pk": 65,
  "fields": {
    "user": 1,
    "content_type": 1,
    "object_id": "8",
    "last_seen_at": "2025-12-25T19:05:04.048Z",
    "is_editing": false
  }
},
{
  "model": "wagtailcore.locale",
  "pk": 1,
  "fields": {
    "language_code": "en"
  }
},
{
  "model": "wagtailcore.site",
  "pk": 2,
  "fields": {
    "hostname": "https://localhost:8000/",
    "port": 80,
    "site_name": "",
    "root_page": 3,
    "is_default_site": true
  }
},
{
  "model": "wagtailcore.modellogentry",
  "pk": 1,
  "fields": {
    "content_type": 5,
    "label": "https://localhost:8000/",
    "action": "wagtail.create",
    "data": {},
    "timestamp": "2025-12-25T17:47:45.524Z",
    "uuid": "9d442b5f-eeb4-402b-b017-823fa0bf631e",
    "user": 1,
    "revision": null,
    "content_changed": true,
    "deleted": false,
    "object_id": "2"
  }
},
{
  "model": "wagtailcore.modellogentry",
  "pk": 2,
  "fields": {
    "content_type": 5,
    "label": "https://localhost:8000/",
    "action": "wagtail.edit",
    "data": {},
    "timestamp": "2025-12-25T17:47:51.280Z",
    "uuid": "df62d414-6edf-464a-a4e8-8ad3ce39353f",
    "user": 1,
    "revision": null,
    "content_changed": false,
    "deleted": false,
    "object_id": "2"
  }
},
{
  "model": "wagtailcore.modellogentry",
  "pk": 3,
  "fields": {
    "content_type": 5,
    "label": "https://localhost:8000/",
    "action": "wagtail.edit",
    "data": {},
    "timestamp": "2025-12-25T18:13:59.535Z",
    "uuid": "ef7ccbcf-e5e0-48c0-bc54-212d061d139d",
    "user": 1,
    "revision": null,
    "content_changed": false,
    "deleted": false,
    "object_id": "2"
  }
},
{
  "model": "wagtailcore.modellogentry",
  "pk": 4,
  "fields": {
    "content_type": 5,
    "label": "https://localhost:8000/ [default]",
    "action": "wagtail.edit",
    "data": {},
    "timestamp": "2025-12-25T18:14:04.319Z",
    "uuid": "9edb956b-2947-4610-869f-da65b49eb2f4",
    "user": 1,
    "revision": null,
    "content_changed": true,
    "deleted": false,
    "object_id": "2"
  }
},
{
  "model": "wagtailcore.revision",
  "pk": 1,
  "fields": {
    "content_type": 47,
    "base_content_type": 1,
    "object_id": "3",
    "created_at": "2025-12-25T17:32:52.168Z",
    "user": 1,
    "object_str": "NotHome",
    "content": {
      "pk": 3,
      "path": "00010002",
      "depth": 2,
      "numchild": 0,
      "translation_key": "c1a6304e-5517-4648-83b8-7db835a96bce",
      "locale": 1,
      "latest_revision": null,
      "live": false,
      "has_unpublished_changes": false,
      "first_published_at": null,
      "last_published_at": null,
      "live_revision": null,
      "go_live_at": null,
      "expire_at": null,
      "expired": false,
      "locked": false,
      "locked_at": null,
      "locked_by": null,
      "title": "NotHome",
      "draft_title": "NotHome",
      "slug": "nothome",
      "content_type": 47,
      "url_path": "/nothome/",
      "owner": 1,
      "seo_title": "",
      "show_in_menus": false,
      "search_description": "",
      "latest_revision_created_at": null,
      "alias_of": null,
      "intro": "<p data-block-key=\"he96x\">kguvgbi,kcxjhdfyhukj,hgucfxjychgmjvjhmgjfcjtdgfchmgvhjgkbvcfjyhgvmj</p>",
      "body": "[]",
      "wagtail_admin_comments": []
    },
    "approved_go_live_at": null
  }
},
{
  "model": "wagtailcore.revision",
  "pk": 2,
  "fields": {
    "content_type": 47,
    "base_content_type": 1,
    "object_id": "3",
    "created_at": "2025-12-25T17:32:59.136Z",
    "user": 1,
    "object_str": "NotHome",
    "content": {
      "pk": 3,
      "path": "00010002",
      "depth": 2,
      "numchild": 0,
      "translation_key": "c1a6304e-5517-4648-83b8-7db835a96bce",
      "locale": 1,
      "latest_revision": 1,
      "live": false,
      "has_unpublished_changes": true,
      "first_published_at": null,
      "last_published_at": null,
      "live_revision": null,
      "go_live_at": null,
      "expire_at": null,
      "expired": false,
      "locked": false,
      "locked_at": null,
      "locked_by": null,
      "title": "NotHome",
      "draft_title": "NotHome",
      "slug": "nothome",
      "content_type": 47,
      "url_path": "/nothome/",
      "owner": 1,
      "seo_title": "",
      "show_in_menus": false,
      "search_description": "",
      "latest_revision_created_at": "2025-12-25T17:32:52.168Z",
      "alias_of": null,
      "intro": "<p data-block-key=\"he96x\">kguvgbi,kcxjhdfyhukj,hgucfxjychgmjvjhmgjfcjtdgfchmgvhjgkbvcfjyhgvmj</p>",
      "body": "[]",
      "wagtail_admin_comments": []
    },
    "approved_go_live_at": null
  }
},
{
  "model": "wagtailcore.revision",
  "pk": 3,
  "fields": {
    "content_type": 47,
    "base_content_type": 1,
    "object_id": "3",
    "created_at": "2025-12-25T17:34:05.710Z",
    "user": 1,
    "object_str": "home",
    "content": {
      "pk": 3,
      "path": "00010002",
      "depth": 2,
      "numchild": 0,
      "translation_key": "c1a6304e-5517-4648-83b8-7db835a96bce",
      "locale": 1,
      "latest_revision": 2,
      "live": true,
      "has_unpublished_changes": false,
      "first_published_at": "2025-12-25T17:32:59.149Z",
      "last_published_at": "2025-12-25T17:32:59.149Z",
      "live_revision": 2,
      "go_live_at": null,
      "expire_at": null,
      "expired": false,
      "locked": false,
      "locked_at": null,
      "locked_by": null,
      "title": "home",
      "draft_title": "NotHome",
      "slug": "nothome",
      "content_type": 47,
      "url_path": "/nothome/",
      "owner": 1,
      "seo_title": "",
      "show_in_menus": false,
      "search_description": "",
      "latest_revision_created_at": "2025-12-25T17:32:59.136Z",
      "alias_of": null,
      "intro": "<p data-block-key=\"he96x\">kguvgbi,kcxjhdfyhukj,hgucfxjychgmjvjhmgjfcjtdgfchmgvhjgkbvcfjyhgvmj</p>",
      "body": "[]",
      "wagtail_admin_comments": []
    },
    "approved_go_live_at": null
  }
},
{
  "model": "wagtailcore.revision",
  "pk": 4,
  "fields": {
    "content_type": 48,
    "base_content_type": 1,
    "object_id": "4",
    "created_at": "2025-12-25T17:45:22.628Z",
    "user": 1,
    "object_str": "About ODENN",
    "content": {
      "pk": 4,
      "path": "000100020001",
      "depth": 3,
      "numchild": 0,
      "translation_key": "a6d2dea3-5ec3-4afd-9f4c-4cee6c19c548",
      "locale": 1,
      "latest_revision": null,
      "live": true,
      "has_unpublished_changes": false,
      "first_published_at": null,
      "last_published_at": null,
      "live_revision": null,
      "go_live_at": null,
      "expire_at": null,
      "expired": false,
      "locked": false,
      "locked_at": null,
      "locked_by": null,
      "title": "About ODENN",
      "draft_title": "About ODENN",
      "slug": "about-odenn",
      "content_type": 48,
      "url_path": "/nothome/about-odenn/",
      "owner": 1,
      "seo_title": "",
      "show_in_menus": false,
      "search_description": "",
      "latest_revision_created_at": null,
      "alias_of": null,
      "intro": "<p data-block-key=\"ix9it\">ODENN is proud to be the Irish supplier of <b>Falco</b>’s premium range of eco-friendly bicycle shelters and street furniture. With over <b>thirty years of experience</b> managing and growing a successful business, ODENN brings proven expertise, reliability, and a customer-focused approach to every project.</p><p data-block-key=\"5ueo0\">We are delighted to partner with Falco, a market leader known for innovative, sustainable, and high-quality urban infrastructure solutions. Through this partnership, ODENN is building and supporting Falco’s customer portfolio across Ireland, helping organisations create durable, attractive, and environmentally responsible public spaces.</p><p data-block-key=\"e821\">ODENN has successfully completed multiple installations nationwide, working with respected organisations such as <b>Irish Rail, University College Dublin (UCD), University College Cork (UCC)</b>, as well as a range of major construction companies. From initial consultation to installation and delivery, we are committed to providing a professional, dependable service tailored to each client’s needs.</p><p data-block-key=\"1p7fa\">At ODENN, our focus is on long-term partnerships, quality workmanship, and sustainable solutions that stand the test of time.</p>",
      "body": "[{\"type\": \"image\", \"value\": 1, \"id\": \"2196f4bd-4257-4a98-905f-acf5f9711367\"}]",
      "wagtail_admin_comments": []
    },
    "approved_go_live_at": null
  }
},
{
  "model": "wagtailcore.revision",
  "pk": 5,
  "fields": {
    "content_type": 47,
    "base_content_type": 1,
    "object_id": "3",
    "created_at": "2025-12-25T17:46:31.787Z",
    "user": 1,
    "object_str": "home",
    "content": {
      "pk": 3,
      "path": "00010002",
      "depth": 2,
      "numchild": 1,
      "translation_key": "c1a6304e-5517-4648-83b8-7db835a96bce",
      "locale": 1,
      "latest_revision": 3,
      "live": true,
      "has_unpublished_changes": true,
      "first_published_at": "2025-12-25T17:32:59.149Z",
      "last_published_at": "2025-12-25T17:32:59.149Z",
      "live_revision": 2,
      "go_live_at": null,
      "expire_at": null,
      "expired": false,
      "locked": false,
      "locked_at": null,
      "locked_by": null,
      "title": "home",
      "draft_title": "home",
      "slug": "home",
      "content_type": 47,
      "url_path": "/nothome/",
      "owner": 1,
      "seo_title": "",
      "show_in_menus": false,
      "search_description": "",
      "latest_revision_created_at": "2025-12-25T17:34:05.710Z",
      "alias_of": null,
      "intro": "<p data-block-key=\"he96x\">kguvgbi,kcxjhdfyhukj,hgucfxjychgmjvjhmgjfcjtdgfchmgvhjgkbvcfjyhgvmj</p>",
      "body": "[]",
      "wagtail_admin_comments": []
    },
    "approved_go_live_at": null
  }
},
{
  "model": "wagtailcore.revision",
  "pk": 6,
  "fields": {
    "content_type": 45,
    "base_content_type": 1,
    "object_id": "5",
    "created_at": "2025-12-25T18:00:38.766Z",
    "user": 1,
    "object_str": "Cycle Parking",
    "content": {
      "pk": 5,
      "path": "000100020002",
      "depth": 3,
      "numchild": 0,
      "translation_key": "b1e53c59-2d33-435e-b108-9d866c124ca3",
      "locale": 1,
      "latest_revision": null,
      "live": true,
      "has_unpublished_changes": false,
      "first_published_at": null,
      "last_published_at": null,
      "live_revision": null,
      "go_live_at": null,
      "expire_at": null,
      "expired": false,
      "locked": false,
      "locked_at": null,
      "locked_by": null,
      "title": "Cycle Parking",
      "draft_title": "Cycle Parking",
      "slug": "cycle-parking",
      "content_type": 45,
      "url_path": "/home/cycle-parking/",
      "owner": 1,
      "seo_title": "",
      "show_in_menus": false,
      "search_description": "",
      "latest_revision_created_at": null,
      "alias_of": null,
      "intro": "<h2 data-block-key=\"uv35m\"><b><i>Cycle Parking – Innovative Bike Parking Solutions Across the UK</i></b><br/></h2><p data-block-key=\"juph\">Falco  has been designing, manufacturing and installing cycle parking products  for over 60 years, supporting clients in both the public and private  sectors to achieve the maximum number of cycle spaces in any given area.  With one of the UK’s most extensive product portfolios, Falco provides  complete cycle parking solutions to suit every budget, site and  requirement.</p><h3 data-block-key=\"47hv7\"><b>A Complete Range of Cycle Parking Products</b></h3><p data-block-key=\"debaf\">Our cycle parking range includes:</p><ul><li data-block-key=\"9j4t9\"><b>Cycle stands</b> – from the classic Sheffield Stand to branded designs.<br/> </li><li data-block-key=\"8sgi2\"><b>Cycle racks</b> – including the world’s most popular A-11 cycle rack and the space-efficient FalcoLevel -Premium+ two-tier cycle rack.<br/> </li><li data-block-key=\"51ji3\"><b>Cycle lockers</b> – such as the exceptionally secure FalcoSafe cycle locker, ideal for workplaces and stations.<br/> </li><li data-block-key=\"9g46o\"><b>Cycle shelters &amp; hubs</b> – from small covered shelters to large-scale facilities such as the FalcoHub and FalcoScandic.<br/> </li><li data-block-key=\"1jtuv\"><b>Advanced cycle parking products</b> – including innovative automated and smart solutions to meet the needs of future mobility.</li></ul><p data-block-key=\"b6ar0\">All products are manufactured from durable, sustainable materials, with a wide range of finishes and colours available.<br/></p><h3 data-block-key=\"3qo9\"><b>Trusted Cycle Parking Infrastructure Across the UK</b></h3><p data-block-key=\"318i3\">Falco has delivered thousands of  cycle parking projects nationwide, helping to promote active travel and  sustainable transport. Recent projects include:</p><ul><li data-block-key=\"eeb4v\">3,000 cycle parking spaces for the record breaking Cambridge CyclePoint, featuring 3,000 mixed-use cycle parking spaces.</li><li data-block-key=\"1gu6b\">1,000 cycle parking spaces for the former largest cycle park at Chelmsford Station. </li><li data-block-key=\"3aikj\">Secure, bespoke cycle hubs for over 30 NHS Hospitals.</li><li data-block-key=\"bj2ae\">Bespoke cycle hubs for Avanti West Coast Franchised Stations.</li><li data-block-key=\"bllor\">Secure Bike Hangars for a wide range of Councils across the UK  including: LB Ealing, LB Lewisham, LB Richmond &amp; Wandsworth, Camden  Council, LB Merton and Shrewsbury Town Council.</li><li data-block-key=\"9bsn\">Extensive range of cycle parking for ScotRail Stations as part of the ScotRail Cycle Innovation Plan.</li><li data-block-key=\"dlem1\">Mixed-use cycle parking for Manchester Piccaddily Station. </li></ul><p data-block-key=\"9r2f9\">These projects demonstrate our ability to deliver cycle parking  infrastructure on every scale, from a few Sheffield stands to  multi-thousand-space cycle hubs.<br/></p><h3 data-block-key=\"61sfj\"><b>End-to-End Cycle Parking Service</b></h3><p data-block-key=\"eo3me\">Falco provides a complete cycle parking infrastructure package, including:</p><ul><li data-block-key=\"66kvq\">Free consultation and site surveys<br/> </li><li data-block-key=\"90c4r\">Free CAD design, layouts and schematics<br/> </li><li data-block-key=\"dtlmn\">High-quality 3D graphics and visualisations<br/> </li><li data-block-key=\"a8kq4\">Manufacture and powder-coating in over 190 RAL colours<br/> </li><li data-block-key=\"avnv0\">Groundworks, delivery, installation and sign-off by our in-house team</li></ul><h3 data-block-key=\"3mhrv\"><b>Cycle Parking for Every Sector</b></h3><p data-block-key=\"6cqhu\">Falco cycle parking solutions are ideal for:</p><ul><li data-block-key=\"74i75\"><b>Railway stations and transport hubs</b><br/> </li><li data-block-key=\"5vqn9\"><b>Universities, schools and colleges</b><br/> </li><li data-block-key=\"f500f\"><b>Workplaces, business parks and offices</b><br/> </li><li data-block-key=\"2flm\"><b>Hospitals and healthcare facilities</b><br/> </li><li data-block-key=\"5ns8d\"><b>Councils, local authorities and public realm projects</b><br/> </li><li data-block-key=\"2t2hn\"><b>Retail and leisure centres</b></li></ul><p data-block-key=\"7q0uk\">Whether you require cost-effective cycle parking for a small site or a  large-scale cycle hub to serve thousands of users, Falco has the  expertise and product range to deliver.<br/></p><h3 data-block-key=\"afja6\"><b>Why Choose Falco Cycle Parking?</b></h3><ul><li data-block-key=\"dls1n\">Over 50 years’ experience in cycle parking innovation<br/> </li><li data-block-key=\"c8vce\">Trusted by councils, rail operators, universities and major UK businesses<br/> </li><li data-block-key=\"e61au\">Products designed for compliance with UK and European standards<br/> </li><li data-block-key=\"1ofho\">Sustainable materials and finishes to support Net Zero and BREEAM requirements<br/> </li><li data-block-key=\"6pf0n\">A complete service from consultation through to installation</li></ul>",
      "wagtail_admin_comments": []
    },
    "approved_go_live_at": null
  }
},
{
  "model": "wagtailcore.revision",
  "pk": 7,
  "fields": {
    "content_type": 45,
    "base_content_type": 1,
    "object_id": "6",
    "created_at": "2025-12-25T18:01:47.448Z",
    "user": 1,
    "object_str": "Cycle Hubs",
    "content": {
      "pk": 6,
      "path": "000100020003",
      "depth": 3,
      "numchild": 0,
      "translation_key": "ed381489-1639-4f3c-9faf-29fc2e9d0165",
      "locale": 1,
      "latest_revision": null,
      "live": true,
      "has_unpublished_changes": false,
      "first_published_at": null,
      "last_published_at": null,
      "live_revision": null,
      "go_live_at": null,
      "expire_at": null,
      "expired": false,
      "locked": false,
      "locked_at": null,
      "locked_by": null,
      "title": "Cycle Hubs",
      "draft_title": "Cycle Hubs",
      "slug": "cycle-hubs",
      "content_type": 45,
      "url_path": "/home/cycle-hubs/",
      "owner": 1,
      "seo_title": "",
      "show_in_menus": false,
      "search_description": "",
      "latest_revision_created_at": null,
      "alias_of": null,
      "intro": "<p data-block-key=\"2w7bc\"></p><p data-block-key=\"ehvcu\">In  Ireland ‘Cycle Hubs’ is a relatively new concept and is a development of  the recent growth in cycling. Essentially, a cycle hub is a cycling  centre around which various facilities come together: e.g. cycle  parking, bike repair facilities, cycling information - a multiple of  services to support the cyclist. A Cycle Hub is essentially a  centralised facility, designed to promote and support cycling as a mode  of transportation, recreation, and overall well-being. It serves as a  one-stop facility for cyclists, offering a range of services and  amenities that cater to a range of cycling needs. A core element is  usually cycle parking and Falco has been at the forefront of developing  this concept over the last few years.</p><p data-block-key=\"9v2gj\">By bringing together cyclists, local businesses and community groups,  a Cycle Hub helps to create a vibrant and sustainable cycling  ecosystem. It promotes a healthier, more environmentally friendly, and  cost-effective way to travel, while also contributing to the local  economy and community development.<br/><br/><i>Bespoke Cycle Hub for Ipswich NHS Hospital</i></p><p data-block-key=\"cr1no\">In essence, a Cycle Hub is more than just a facility – it's a  catalyst for positive change, inspiring people to get on their bikes and  ride towards a brighter, more sustainable future.</p><h3 data-block-key=\"260hp\"><b>The Design</b></h3><p data-block-key=\"50oq1\">Whether manned or unmanned, when thinking of cycle hub design, you  need to consider what services you wish to provide to the user. Our  experience has taught us that there are four core elements to consider  when designing a cycle hub:<br/></p><ol><li data-block-key=\"c66cj\"><b>Information</b></li><li data-block-key=\"6qmr7\"><b>Security and Safety</b></li><li data-block-key=\"3coea\"><b>User Facilities</b></li><li data-block-key=\"dmu5f\"><b>Practicalities </b></li></ol><p data-block-key=\"7f38e\"></p><ol><li data-block-key=\"8gpe6\"><b>Information</b><br/><br/>A key part of any public service is giving the user good information - make life easy for the cyclist!<br/></li></ol><ul><li data-block-key=\"bkosb\"> <b>Branding</b> -  developing an appealing concept for the facility creates ‘buy-in’ for  the users, promoting respect for how people are to use the hub. Create a  unique brand or link it to a wider scheme e.g. simple vinyls make a big  difference for a low cost.</li><li data-block-key=\"6u064\"> <b>Signage</b> - help the cyclist find your hub! Directional and integrated signage at all entrances, paths and routes in the area.</li><li data-block-key=\"ejiog\"> <b>Information Point</b> - information as a part of the  facility: provide leaflets, cycle routes and maps for the cyclist to  use. Make the hub an information hub! </li></ul><p data-block-key=\"e0nii\"></p><h4 data-block-key=\"a7o04\"><b>2. Security and Safety</b></h4><p data-block-key=\"1ba7d\">This is core thinking for any cyclist – am I safe? will my bike  be safe? If you want people to use the hub, then this is a key aspect,  consider the following:</p><ul><li data-block-key=\"dlugh\"> <b>Location</b> - although there is much to think  about here, try and position the facility as near to the cyclists  ultimate destination as possible.</li><li data-block-key=\"ac7qd\"> <b>Visibility</b> - don’t hide your hub! If unmanned try  and keep it within visibility of staff, other organisations and the  public, could the area be patrolled?</li><li data-block-key=\"73d3l\"> <b>Building Design</b> - what type of hub do you want to  provide? A secure store, inside a purpose built building, outside either  completely open or with a canopy or roof, as a secure compound or  perhaps within an existing building?</li><li data-block-key=\"2004h\"> <b>Access Types</b> - if the facility is to be secure  then what kind of access will be used and how will this be managed -  shared key, keypad, swipe card/fob, biometrics; managed or stand alone.  Is an ‘airlock’ or turnstile required for single or multiple users?</li><li data-block-key=\"e1n62\"> <b>CCTV</b> - this adds a huge amount of confidence to the cyclist leaving a potentially expensive bike at the hub.</li><li data-block-key=\"6lq5b\"> <b>Lighting</b> - even if the facility isn’t 24 hour, dark Winter nights mean the facility needs some form of lighting.</li><li data-block-key=\"80b7o\"> <b>Help Point</b> - if unmanned, perhaps the placing of Help Points would be appropriate.</li><li data-block-key=\"77l9k\"> <b>Cycle Racks</b> - do the racks provide at least two point locking? Are they robust and secure?<br/></li></ul><p data-block-key=\"53f29\"></p><h4 data-block-key=\"d8ld8\"><b>3. User Facilities</b></h4><p data-block-key=\"9r9tl\">What’s the difference between a cycle park anda cycle hub? It’s  the additional facilities on offer! What standard of facility could you  provide your cyclists? Perhaps consider some of the following key  facilities:<br/></p><ul><li data-block-key=\"v0sf\"> <b>Cycle Parking</b> - what kind of cycle parking do  youwish to offer – Sheffield stands, two tier racks,traditional racks  and stands, cycle lockers, perhapseven a bespoke design? How many  locking points are required?</li><li data-block-key=\"81k7h\"> <b>Helmet / General Lockers</b> - providing safe secure lockers for bags, helmets and accessories provides a real help to the cyclist.</li><li data-block-key=\"clsm8\"> <b>Pump</b> - whether an electric or manual cycle pump, this is a basic requirement for everyone.</li><li data-block-key=\"sl5\"> <b>Bike Repair Station</b> - a simple facility incorporating a pump, cycle tools and other useful equipment.</li><li data-block-key=\"dvrue\"> <b>Vending Machine</b> - either floor or wall mounted, a  great idea to provide a source of inner tubes, repair kits and other  useful cycling paraphernalia.</li><li data-block-key=\"1pb5t\"> <b>Litter Bins</b> - a cleaner environment for cyclists to use.</li><li data-block-key=\"81plg\"> <b>Seating</b> - a simple facility for cyclists to use.</li></ul><p data-block-key=\"autuq\">Although this is a list of key cyclist facilities, there is of  course much more that can be added to your Cycle Hub design including  showers, changing rooms and shops.</p><p data-block-key=\"amqtd\"></p><h4 data-block-key=\"3d1k8\"><b>4. Practicalities</b></h4><p data-block-key=\"2s061\">This is the reality check, the small print if you like. Of course  there is the important matter of budgets and what is affordable (and a  lot is possible for a relatively modest investment). It is this which  drives most things today, but it is important to factor in issues such  as: topographical surveys, planning requirements and other restrictions.  Although we’ve put this last on the list, these are usually the first  things you need to do!</p><p data-block-key=\"dvck0\">Also at all stages of the development process try and consult with  any interested parties to garner as much information and ideas as  possible, this not only helps to get momentum and best practise in  place, but can also help to avoid any post build issues.<br/></p><p data-block-key=\"c4eel\">  <br/><i>Bespoke Cycle Hub for Harrow on the Hill Station</i><br/><br/><b>Falco - The Home of Cycle Hubs</b></p><p data-block-key=\"8b9o2\">Falco has been designing, manufacturing, supplying and installing  mass cycle parking facilities for over 50 years. With a Dutch parent  company, Falco brings the whole wealth of European knowledge and  understanding to it’s UK operations providing best practise and  unrivalled experience.</p><p data-block-key=\"2vlsn\"><b>Free Consultancy</b><br/>Why pay for consultancy when good quality advice is available free through Falco’s experienced design team. We provide:</p><ul><li data-block-key=\"4e98b\"><b> Free site surveys</b></li><li data-block-key=\"epj39\"><b> Free CAD design</b></li><li data-block-key=\"acjnh\"><b> Free advice and consultancy on all aspects of cycle hub design</b><br/></li></ul><p data-block-key=\"4bfu3\">We  have supplied solutions to all sectors of the UK including; Train  Operating Companies, Local Authorities, NHS, MOD and the private sector.</p><p data-block-key=\"capq5\">AutoCAD, Rendering and Visual DesignFalco provide a comprehensive  free design service using dynamic AutoCAD blocks and rendering images  to help clients visualise their cycle hub design. 3D rendering graphics  are available for all of our cycle hub designs with both internal and  external perspectives available. All rendering graphics can be  incorporated onto real time photos to provide a bona fide perspective of  the cycle hub in real life.   </p><p data-block-key=\"77fsk\"><b>Innovative Product Range</b></p><p data-block-key=\"en6js\">Falco is an original equipment manufacturer - from basic Sheffield  stands to innovative bespoke designs, from stand alone shelters to  secure access stores – all are Falco manufactured, so we can control all  aspects of supply; plus a range of peripherals such as Repair Stations  and Cycle Counters, so make Falco the number one choice for your cycle  hub solutions.</p>",
      "wagtail_admin_comments": []
    },
    "approved_go_live_at": null
  }
},
{
  "model": "wagtailcore.revision",
  "pk": 8,
  "fields": {
    "content_type": 45,
    "base_content_type": 1,
    "object_id": "7",
    "created_at": "2025-12-25T18:02:15.983Z",
    "user": 1,
    "object_str": "Shelters, Canopies, Walkways and Bin Stores",
    "content": {
      "pk": 7,
      "path": "000100020004",
      "depth": 3,
      "numchild": 0,
      "translation_key": "e652d81b-96ac-4229-a06c-b62eb0173d1e",
      "locale": 1,
      "latest_revision": null,
      "live": false,
      "has_unpublished_changes": false,
      "first_published_at": null,
      "last_published_at": null,
      "live_revision": null,
      "go_live_at": null,
      "expire_at": null,
      "expired": false,
      "locked": false,
      "locked_at": null,
      "locked_by": null,
      "title": "Shelters, Canopies, Walkways and Bin Stores",
      "draft_title": "Shelters, Canopies, Walkways and Bin Stores",
      "slug": "shelters-canopies-walkways-and-bin-stores",
      "content_type": 45,
      "url_path": "/home/shelters-canopies-walkways-and-bin-stores/",
      "owner": 1,
      "seo_title": "",
      "show_in_menus": false,
      "search_description": "",
      "latest_revision_created_at": null,
      "alias_of": null,
      "intro": "",
      "wagtail_admin_comments": []
    },
    "approved_go_live_at": null
  }
},
{
  "model": "wagtailcore.revision",
  "pk": 9,
  "fields": {
    "content_type": 45,
    "base_content_type": 1,
    "object_id": "7",
    "created_at": "2025-12-25T18:02:45.234Z",
    "user": 1,
    "object_str": "Shelters, Canopies, Walkways and Bin Stores",
    "content": {
      "pk": 7,
      "path": "000100020004",
      "depth": 3,
      "numchild": 0,
      "translation_key": "e652d81b-96ac-4229-a06c-b62eb0173d1e",
      "locale": 1,
      "latest_revision": 8,
      "live": false,
      "has_unpublished_changes": true,
      "first_published_at": null,
      "last_published_at": null,
      "live_revision": null,
      "go_live_at": null,
      "expire_at": null,
      "expired": false,
      "locked": false,
      "locked_at": null,
      "locked_by": null,
      "title": "Shelters, Canopies, Walkways and Bin Stores",
      "draft_title": "Shelters, Canopies, Walkways and Bin Stores",
      "slug": "shelters-canopies-walkways-and-bin-stores",
      "content_type": 45,
      "url_path": "/home/shelters-canopies-walkways-and-bin-stores/",
      "owner": 1,
      "seo_title": "",
      "show_in_menus": false,
      "search_description": "",
      "latest_revision_created_at": "2025-12-25T18:02:15.983Z",
      "alias_of": null,
      "intro": "",
      "wagtail_admin_comments": []
    },
    "approved_go_live_at": null
  }
},
{
  "model": "wagtailcore.revision",
  "pk": 10,
  "fields": {
    "content_type": 45,
    "base_content_type": 1,
    "object_id": "8",
    "created_at": "2025-12-25T18:03:00.221Z",
    "user": 1,
    "object_str": "Street Furniture",
    "content": {
      "pk": 8,
      "path": "000100020005",
      "depth": 3,
      "numchild": 0,
      "translation_key": "d43ebe0c-ecfc-4af6-83cb-36ee35b02327",
      "locale": 1,
      "latest_revision": null,
      "live": true,
      "has_unpublished_changes": false,
      "first_published_at": null,
      "last_published_at": null,
      "live_revision": null,
      "go_live_at": null,
      "expire_at": null,
      "expired": false,
      "locked": false,
      "locked_at": null,
      "locked_by": null,
      "title": "Street Furniture",
      "draft_title": "Street Furniture",
      "slug": "street-furniture",
      "content_type": 45,
      "url_path": "/home/street-furniture/",
      "owner": 1,
      "seo_title": "",
      "show_in_menus": false,
      "search_description": "",
      "latest_revision_created_at": null,
      "alias_of": null,
      "intro": "<p data-block-key=\"iu44u\">Falco  manufactures a comprehensive range of high quality street furniture  products for any environment. From cost-effective, modular ranges of  outdoor seating, to architectural seating arrangements and traditional  cast iron bollards and timber planters, the street furniture range is  here to give architects, designers and specifiers’ inspiration and  choice.</p><p data-block-key=\"3ufeg\">Our comprehensive range includes; outdoor seating, benches, stools  and chairs, litter bins and recycling units, picnic tables and outdoor  tables, bollards and demarcation posts, planters, tree guides, tree  grilles and tree protection guards, barriers and parking reservation  posts – the whole range of street furniture requirements. The design led  aspect of Falco street furniture enables it to accentuate any scheme -  from parks and recreation areas to stations, local authorities and  regeneration projects.</p><p data-block-key=\"5tltr\">Falco has designed, manufactured, supplied and installed street  furniture products for a wide range of key transport terminals,  hospitals, universities, schools, football clubs, high streets and  private commercial buildings, these include Loughborough University,  Middlesex University, Warwick University, Euston Railway Station,  Manchester United and Manchester City Football Clubs.</p><p data-block-key=\"copk9\">Falco provide a comprehensive street furniture design and  installation service, this includes free site surveys, free CAD design,  schematics and rendering drawings, groundworks, manufacture, supply and  installation to final sign off. Falco can also adapt many of our product  ranges to meet the bespoke requirements of the client, this includes  incorporating brands, logos and location names into our street furniture  products as well as bespoke dimensions and a powder coated finish in  any of the 192 RAL colours.</p><p data-block-key=\"6m30o\">For more information about any of the products listed in this  section, please contact our helpful sales team on 01538 380080 or by  email at sales@falco.co.uk.</p>",
      "wagtail_admin_comments": []
    },
    "approved_go_live_at": null
  }
},
{
  "model": "wagtailcore.revision",
  "pk": 11,
  "fields": {
    "content_type": 45,
    "base_content_type": 1,
    "object_id": "8",
    "created_at": "2025-12-25T18:03:11.492Z",
    "user": 1,
    "object_str": "Street Furniture",
    "content": {
      "pk": 8,
      "path": "000100020005",
      "depth": 3,
      "numchild": 0,
      "translation_key": "d43ebe0c-ecfc-4af6-83cb-36ee35b02327",
      "locale": 1,
      "latest_revision": 10,
      "live": true,
      "has_unpublished_changes": false,
      "first_published_at": "2025-12-25T18:03:00.235Z",
      "last_published_at": "2025-12-25T18:03:00.235Z",
      "live_revision": 10,
      "go_live_at": null,
      "expire_at": null,
      "expired": false,
      "locked": false,
      "locked_at": null,
      "locked_by": null,
      "title": "Street Furniture",
      "draft_title": "Street Furniture",
      "slug": "street-furniture",
      "content_type": 45,
      "url_path": "/home/street-furniture/",
      "owner": 1,
      "seo_title": "",
      "show_in_menus": false,
      "search_description": "",
      "latest_revision_created_at": "2025-12-25T18:03:00.221Z",
      "alias_of": null,
      "intro": "<p data-block-key=\"iu44u\">Falco manufactures a comprehensive range of high quality street furniture products for any environment. From cost-effective, modular ranges of outdoor seating, to architectural seating arrangements and traditional cast iron bollards and timber planters, the street furniture range is here to give architects, designers and specifiers’ inspiration and choice.</p><p data-block-key=\"3ufeg\">Our comprehensive range includes; outdoor seating, benches, stools and chairs, litter bins and recycling units, picnic tables and outdoor tables, bollards and demarcation posts, planters, tree guides, tree grilles and tree protection guards, barriers and parking reservation posts – the whole range of street furniture requirements. The design led aspect of Falco street furniture enables it to accentuate any scheme - from parks and recreation areas to stations, local authorities and regeneration projects.</p><p data-block-key=\"5tltr\">Falco has designed, manufactured, supplied and installed street furniture products for a wide range of key transport terminals, hospitals, universities, schools, football clubs, high streets and private commercial buildings, these include Loughborough University, Middlesex University, Warwick University, Euston Railway Station, Manchester United and Manchester City Football Clubs.</p><p data-block-key=\"copk9\">Falco provide a comprehensive street furniture design and installation service, this includes free site surveys, free CAD design, schematics and rendering drawings, groundworks, manufacture, supply and installation to final sign off. Falco can also adapt many of our product ranges to meet the bespoke requirements of the client, this includes incorporating brands, logos and location names into our street furniture products as well as bespoke dimensions and a powder coated finish in any of the 192 RAL colours.</p>",
      "wagtail_admin_comments": []
    },
    "approved_go_live_at": null
  }
},
{
  "model": "wagtailcore.revision",
  "pk": 12,
  "fields": {
    "content_type": 46,
    "base_content_type": 1,
    "object_id": "9",
    "created_at": "2025-12-25T18:06:55.613Z",
    "user": 1,
    "object_str": "FalcoLevel-Premium+ Two-Tier Cycle Parking",
    "content": {
      "pk": 9,
      "path": "0001000200020001",
      "depth": 4,
      "numchild": 0,
      "translation_key": "a412e391-2a43-4a18-97a8-647f2d39aec2",
      "locale": 1,
      "latest_revision": null,
      "live": true,
      "has_unpublished_changes": false,
      "first_published_at": null,
      "last_published_at": null,
      "live_revision": null,
      "go_live_at": null,
      "expire_at": null,
      "expired": false,
      "locked": false,
      "locked_at": null,
      "locked_by": null,
      "title": "FalcoLevel-Premium+ Two-Tier Cycle Parking",
      "draft_title": "FalcoLevel-Premium+ Two-Tier Cycle Parking",
      "slug": "falcolevel-premium-two-tier-cycle-parking",
      "content_type": 46,
      "url_path": "/home/cycle-parking/falcolevel-premium-two-tier-cycle-parking/",
      "owner": 1,
      "seo_title": "",
      "show_in_menus": false,
      "search_description": "",
      "latest_revision_created_at": null,
      "alias_of": null,
      "description": "<h2 data-block-key=\"93erx\">Benefits</h2><p data-block-key=\"asn4o\">Compared to traditional two-tier cycle parking systems, the new aluminium FalcoLevel Premium+ two tier cycle rack from Falco, has some distinct benefits over its cheaper rivals:</p><ul><li data-block-key=\"fkgdd\">Significant sound reduction from upper tier removing a large amount of noise pollution.</li><li data-block-key=\"2efen\">Smoother action for the storage and retrieval of bikes.</li><li data-block-key=\"ave00\">Has multiple locking points for differing cycle designs.</li><li data-block-key=\"147vf\">Just as easy to park a bicycle on the upper rack as the lower rack.</li><li data-block-key=\"5e39b\">Better suited for modern bikes with higher and wider handle bars.</li><li data-block-key=\"cip52\">Lighter to use than steel units making upper tier available to more cyclists.</li><li data-block-key=\"9h5vq\">Ergonomic handgrip, with a thicker, warm to touch material that can be lifted with one or two hands.</li><li data-block-key=\"ebb5g\">Lower lifting height (of the bike into the gutter).</li><li data-block-key=\"61gdc\">The roll in angle of the bike is less steep.</li><li data-block-key=\"dv3lh\">Integrated floating feet for mounting on uneven surfaces.</li><li data-block-key=\"hi9m\">Modular design enables flexible c.t.c. bike spacing measurements.</li><li data-block-key=\"8robd\">Stylish looking modern European design.<br/></li></ul><h2 data-block-key=\"30nvd\">Features</h2><p data-block-key=\"bv3jd\">Some key features of the FalcoLevel-Premium+ arise from it’s two year development cycle:</p><ul><li data-block-key=\"1dg5o\">The FalcoLevel Premium+ has excellent build quality, typical of a Falco product.</li><li data-block-key=\"dm3rg\">Utilises gas struts for easy lifting.</li><li data-block-key=\"fasc7\">Rollers are manufactured from hard wearing nylon with a stainless steel bearing.</li><li data-block-key=\"8pqge\">Adjustable feet for uneven surfaces.</li><li data-block-key=\"55h4d\">Robust welded construction for steel framework - hot dip galvanised to BS EN ISO 1461 and available in 192 RAL colours.<br/></li></ul><p data-block-key=\"76oct\">The FalcoLevel-Premium+ is suitable for indoor or outdoor use. Falco also manufacture a range of single sided and double sided shelter and canopy structures ideal for sheltering the two-tier system. All steel parts can be powder coated in any of the 192 standard RAL colours upon request.</p>",
      "price": "6000",
      "sku": "",
      "image": 2,
      "wagtail_admin_comments": []
    },
    "approved_go_live_at": null
  }
},
{
  "model": "wagtailcore.revision",
  "pk": 13,
  "fields": {
    "content_type": 48,
    "base_content_type": 1,
    "object_id": "4",
    "created_at": "2025-12-25T18:27:26.891Z",
    "user": 1,
    "object_str": "About ODENN",
    "content": {
      "pk": 4,
      "path": "000100020001",
      "depth": 3,
      "numchild": 0,
      "translation_key": "a6d2dea3-5ec3-4afd-9f4c-4cee6c19c548",
      "locale": 1,
      "latest_revision": 4,
      "live": true,
      "has_unpublished_changes": false,
      "first_published_at": "2025-12-25T17:45:22.643Z",
      "last_published_at": "2025-12-25T17:45:22.643Z",
      "live_revision": 4,
      "go_live_at": null,
      "expire_at": null,
      "expired": false,
      "locked": false,
      "locked_at": null,
      "locked_by": null,
      "title": "About ODENN",
      "draft_title": "About ODENN",
      "slug": "about",
      "content_type": 48,
      "url_path": "/home/about-odenn/",
      "owner": 1,
      "seo_title": "",
      "show_in_menus": false,
      "search_description": "",
      "latest_revision_created_at": "2025-12-25T17:45:22.628Z",
      "alias_of": null,
      "intro": "<p data-block-key=\"ix9it\">ODENN is proud to be the Irish supplier of <b>Falco</b>’s premium range of eco-friendly bicycle shelters and street furniture. With over <b>thirty years of experience</b> managing and growing a successful business, ODENN brings proven expertise, reliability, and a customer-focused approach to every project.</p><p data-block-key=\"5ueo0\">We are delighted to partner with Falco, a market leader known for innovative, sustainable, and high-quality urban infrastructure solutions. Through this partnership, ODENN is building and supporting Falco’s customer portfolio across Ireland, helping organisations create durable, attractive, and environmentally responsible public spaces.</p><p data-block-key=\"e821\">ODENN has successfully completed multiple installations nationwide, working with respected organisations such as <b>Irish Rail, University College Dublin (UCD), University College Cork (UCC)</b>, as well as a range of major construction companies. From initial consultation to installation and delivery, we are committed to providing a professional, dependable service tailored to each client’s needs.</p><p data-block-key=\"1p7fa\">At ODENN, our focus is on long-term partnerships, quality workmanship, and sustainable solutions that stand the test of time.</p>",
      "body": "[{\"type\": \"image\", \"value\": 1, \"id\": \"2196f4bd-4257-4a98-905f-acf5f9711367\"}]",
      "wagtail_admin_comments": []
    },
    "approved_go_live_at": null
  }
},
{
  "model": "wagtailcore.revision",
  "pk": 14,
  "fields": {
    "content_type": 49,
    "base_content_type": 1,
    "object_id": "10",
    "created_at": "2025-12-25T18:33:15.542Z",
    "user": 1,
    "object_str": "Contact Us",
    "content": {
      "pk": 10,
      "path": "000100020006",
      "depth": 3,
      "numchild": 0,
      "translation_key": "4400b022-b3c3-4548-8a05-733b79d0a882",
      "locale": 1,
      "latest_revision": null,
      "live": true,
      "has_unpublished_changes": false,
      "first_published_at": null,
      "last_published_at": null,
      "live_revision": null,
      "go_live_at": null,
      "expire_at": null,
      "expired": false,
      "locked": false,
      "locked_at": null,
      "locked_by": null,
      "title": "Contact Us",
      "draft_title": "Contact Us",
      "slug": "contact",
      "content_type": 49,
      "url_path": "/home/contact/",
      "owner": 1,
      "seo_title": "",
      "show_in_menus": false,
      "search_description": "",
      "latest_revision_created_at": null,
      "alias_of": null,
      "description": "",
      "phone": "+3530000000000",
      "email": "sample@sample.com",
      "wagtail_admin_comments": []
    },
    "approved_go_live_at": null
  }
},
{
  "model": "wagtailcore.revision",
  "pk": 15,
  "fields": {
    "content_type": 47,
    "base_content_type": 1,
    "object_id": "3",
    "created_at": "2025-12-25T18:35:37.864Z",
    "user": 1,
    "object_str": "home",
    "content": {
      "pk": 3,
      "path": "00010002",
      "depth": 2,
      "numchild": 6,
      "translation_key": "c1a6304e-5517-4648-83b8-7db835a96bce",
      "locale": 1,
      "latest_revision": 5,
      "live": true,
      "has_unpublished_changes": false,
      "first_published_at": "2025-12-25T17:32:59.149Z",
      "last_published_at": "2025-12-25T17:46:31.798Z",
      "live_revision": 5,
      "go_live_at": null,
      "expire_at": null,
      "expired": false,
      "locked": false,
      "locked_at": null,
      "locked_by": null,
      "title": "home",
      "draft_title": "home",
      "slug": "home",
      "content_type": 47,
      "url_path": "/home/",
      "owner": 1,
      "seo_title": "",
      "show_in_menus": false,
      "search_description": "",
      "latest_revision_created_at": "2025-12-25T17:46:31.787Z",
      "alias_of": null,
      "intro": "<p data-block-key=\"he96x\"><b>ODENN</b> is the Irish partner for <b>Falco</b>, supplying premium eco-friendly bicycle shelters and street furniture designed for sustainable, modern public spaces.</p>",
      "body": "[{\"type\": \"heading\", \"value\": \"About ODENN\", \"id\": \"84616f2d-90f5-4384-b3ed-02d23ead397e\"}, {\"type\": \"paragraph\", \"value\": \"<p data-block-key=\\\"181ln\\\">ODENN is proud to be the Irish supplier of <b>Falco</b>\\u2019s premium range of eco-friendly bicycle shelters and street furniture. With over <b>thirty years of experience</b> managing and growing a successful business, ODENN brings proven expertise, reliability, and a customer-focused approach to every project</p><p data-block-key=\\\"4l368\\\">We are delighted to partner with Falco, a market leader known for innovative, sustainable, and high-quality urban infrastructure solutions. Through this partnership, ODENN is building and supporting Falco\\u2019s customer portfolio across Ireland, helping organisations create durable, attractive, and environmentally responsible public spaces.</p><p data-block-key=\\\"61i4i\\\">ODENN has successfully completed multiple installations nationwide, working with respected organisations such as <b>Irish Rail, University College Dublin (UCD), University College Cork (UCC)</b>, as well as a range of major construction companies. From initial consultation to installation and delivery, we are committed to providing a professional, dependable service tailored to each client\\u2019s needs.</p><p data-block-key=\\\"791jc\\\">At ODENN, our focus is on long-term partnerships, quality workmanship, and sustainable solutions that stand the test of time.</p>\", \"id\": \"7c8948bc-d77c-451b-a264-a8d7cb356923\"}]",
      "wagtail_admin_comments": []
    },
    "approved_go_live_at": null
  }
},
{
  "model": "wagtailcore.revision",
  "pk": 16,
  "fields": {
    "content_type": 50,
    "base_content_type": 1,
    "object_id": "11",
    "created_at": "2025-12-25T18:46:18.033Z",
    "user": 1,
    "object_str": "Products",
    "content": {
      "pk": 11,
      "path": "000100020007",
      "depth": 3,
      "numchild": 0,
      "translation_key": "55ac429b-75ca-4b8a-a73e-41d49bcfe4fb",
      "locale": 1,
      "latest_revision": null,
      "live": true,
      "has_unpublished_changes": false,
      "first_published_at": null,
      "last_published_at": null,
      "live_revision": null,
      "go_live_at": null,
      "expire_at": null,
      "expired": false,
      "locked": false,
      "locked_at": null,
      "locked_by": null,
      "title": "Products",
      "draft_title": "Products",
      "slug": "products",
      "content_type": 50,
      "url_path": "/home/products/",
      "owner": 1,
      "seo_title": "",
      "show_in_menus": false,
      "search_description": "",
      "latest_revision_created_at": null,
      "alias_of": null,
      "intro": "",
      "wagtail_admin_comments": []
    },
    "approved_go_live_at": null
  }
},
{
  "model": "wagtailcore.revision",
  "pk": 17,
  "fields": {
    "content_type": 50,
    "base_content_type": 1,
    "object_id": "11",
    "created_at": "2025-12-25T18:49:52.542Z",
    "user": 1,
    "object_str": "Products",
    "content": {
      "pk": 11,
      "path": "000100020007",
      "depth": 3,
      "numchild": 4,
      "translation_key": "55ac429b-75ca-4b8a-a73e-41d49bcfe4fb",
      "locale": 1,
      "latest_revision": 16,
      "live": true,
      "has_unpublished_changes": false,
      "first_published_at": "2025-12-25T18:46:18.042Z",
      "last_published_at": "2025-12-25T18:46:18.042Z",
      "live_revision": 16,
      "go_live_at": null,
      "expire_at": null,
      "expired": false,
      "locked": false,
      "locked_at": null,
      "locked_by": null,
      "title": "Products",
      "draft_title": "Products",
      "slug": "products",
      "content_type": 50,
      "url_path": "/home/products/",
      "owner": 1,
      "seo_title": "",
      "show_in_menus": false,
      "search_description": "",
      "latest_revision_created_at": "2025-12-25T18:46:18.033Z",
      "alias_of": null,
      "intro": "",
      "wagtail_admin_comments": []
    },
    "approved_go_live_at": null
  }
},
{
  "model": "wagtailcore.revision",
  "pk": 18,
  "fields": {
    "content_type": 47,
    "base_content_type": 1,
    "object_id": "3",
    "created_at": "2025-12-25T18:59:55.791Z",
    "user": 1,
    "object_str": "home",
    "content": {
      "pk": 3,
      "path": "00010002",
      "depth": 2,
      "numchild": 3,
      "translation_key": "c1a6304e-5517-4648-83b8-7db835a96bce",
      "locale": 1,
      "latest_revision": 15,
      "live": true,
      "has_unpublished_changes": false,
      "first_published_at": "2025-12-25T17:32:59.149Z",
      "last_published_at": "2025-12-25T18:35:37.880Z",
      "live_revision": 15,
      "go_live_at": null,
      "expire_at": null,
      "expired": false,
      "locked": false,
      "locked_at": null,
      "locked_by": null,
      "title": "home",
      "draft_title": "home",
      "slug": "home",
      "content_type": 47,
      "url_path": "/home/",
      "owner": 1,
      "seo_title": "",
      "show_in_menus": false,
      "search_description": "",
      "latest_revision_created_at": "2025-12-25T18:35:37.864Z",
      "alias_of": null,
      "hero_background": 3,
      "intro": "<p data-block-key=\"he96x\"><b>ODENN</b> is the Irish partner for <b>Falco</b>, supplying premium eco-friendly bicycle shelters and street furniture designed for sustainable, modern public spaces.</p>",
      "body": "[{\"type\": \"heading\", \"value\": \"About ODENN\", \"id\": \"84616f2d-90f5-4384-b3ed-02d23ead397e\"}, {\"type\": \"paragraph\", \"value\": \"<p data-block-key=\\\"181ln\\\">ODENN is proud to be the Irish supplier of <b>Falco</b>\\u2019s premium range of eco-friendly bicycle shelters and street furniture. With over <b>thirty years of experience</b> managing and growing a successful business, ODENN brings proven expertise, reliability, and a customer-focused approach to every project</p><p data-block-key=\\\"4l368\\\">We are delighted to partner with Falco, a market leader known for innovative, sustainable, and high-quality urban infrastructure solutions. Through this partnership, ODENN is building and supporting Falco\\u2019s customer portfolio across Ireland, helping organisations create durable, attractive, and environmentally responsible public spaces.</p><p data-block-key=\\\"61i4i\\\">ODENN has successfully completed multiple installations nationwide, working with respected organisations such as <b>Irish Rail, University College Dublin (UCD), University College Cork (UCC)</b>, as well as a range of major construction companies. From initial consultation to installation and delivery, we are committed to providing a professional, dependable service tailored to each client\\u2019s needs.</p><p data-block-key=\\\"791jc\\\">At ODENN, our focus is on long-term partnerships, quality workmanship, and sustainable solutions that stand the test of time.</p>\", \"id\": \"7c8948bc-d77c-451b-a264-a8d7cb356923\"}]",
      "wagtail_admin_comments": []
    },
    "approved_go_live_at": null
  }
},
{
  "model": "wagtailcore.revision",
  "pk": 19,
  "fields": {
    "content_type": 45,
    "base_content_type": 1,
    "object_id": "8",
    "created_at": "2025-12-25T19:06:13.850Z",
    "user": 1,
    "object_str": "Street Furniture",
    "content": {
      "pk": 8,
      "path": "0001000200070004",
      "depth": 4,
      "numchild": 0,
      "translation_key": "d43ebe0c-ecfc-4af6-83cb-36ee35b02327",
      "locale": 1,
      "latest_revision": 11,
      "live": true,
      "has_unpublished_changes": false,
      "first_published_at": "2025-12-25T18:03:00.235Z",
      "last_published_at": "2025-12-25T18:03:11.506Z",
      "live_revision": 11,
      "go_live_at": null,
      "expire_at": null,
      "expired": false,
      "locked": false,
      "locked_at": null,
      "locked_by": null,
      "title": "Street Furniture",
      "draft_title": "Street Furniture",
      "slug": "street-furniture",
      "content_type": 45,
      "url_path": "/home/products/street-furniture/",
      "owner": 1,
      "seo_title": "",
      "show_in_menus": false,
      "search_description": "",
      "latest_revision_created_at": "2025-12-25T18:03:11.492Z",
      "alias_of": null,
      "cover_photo": 4,
      "intro": "<p data-block-key=\"iu44u\">Falco manufactures a comprehensive range of high quality street furniture products for any environment. From cost-effective, modular ranges of outdoor seating, to architectural seating arrangements and traditional cast iron bollards and timber planters, the street furniture range is here to give architects, designers and specifiers’ inspiration and choice.</p><p data-block-key=\"3ufeg\">Our comprehensive range includes; outdoor seating, benches, stools and chairs, litter bins and recycling units, picnic tables and outdoor tables, bollards and demarcation posts, planters, tree guides, tree grilles and tree protection guards, barriers and parking reservation posts – the whole range of street furniture requirements. The design led aspect of Falco street furniture enables it to accentuate any scheme - from parks and recreation areas to stations, local authorities and regeneration projects.</p><p data-block-key=\"5tltr\">Falco has designed, manufactured, supplied and installed street furniture products for a wide range of key transport terminals, hospitals, universities, schools, football clubs, high streets and private commercial buildings, these include Loughborough University, Middlesex University, Warwick University, Euston Railway Station, Manchester United and Manchester City Football Clubs.</p><p data-block-key=\"copk9\">Falco provide a comprehensive street furniture design and installation service, this includes free site surveys, free CAD design, schematics and rendering drawings, groundworks, manufacture, supply and installation to final sign off. Falco can also adapt many of our product ranges to meet the bespoke requirements of the client, this includes incorporating brands, logos and location names into our street furniture products as well as bespoke dimensions and a powder coated finish in any of the 192 RAL colours.</p>",
      "wagtail_admin_comments": []
    },
    "approved_go_live_at": null
  }
},
{
  "model": "wagtailcore.revision",
  "pk": 20,
  "fields": {
    "content_type": 45,
    "base_content_type": 1,
    "object_id": "7",
    "created_at": "2025-12-25T19:07:00.113Z",
    "user": 1,
    "object_str": "Shelters, Canopies, Walkways and Bin Stores",
    "content": {
      "pk": 7,
      "path": "0001000200070003",
      "depth": 4,
      "numchild": 0,
      "translation_key": "e652d81b-96ac-4229-a06c-b62eb0173d1e",
      "locale": 1,
      "latest_revision": 9,
      "live": true,
      "has_unpublished_changes": false,
      "first_published_at": "2025-12-25T18:02:45.242Z",
      "last_published_at": "2025-12-25T18:02:45.242Z",
      "live_revision": 9,
      "go_live_at": null,
      "expire_at": null,
      "expired": false,
      "locked": false,
      "locked_at": null,
      "locked_by": null,
      "title": "Shelters, Canopies, Walkways and Bin Stores",
      "draft_title": "Shelters, Canopies, Walkways and Bin Stores",
      "slug": "shelters-canopies-walkways-and-bin-stores",
      "content_type": 45,
      "url_path": "/home/products/shelters-canopies-walkways-and-bin-stores/",
      "owner": 1,
      "seo_title": "",
      "show_in_menus": false,
      "search_description": "",
      "latest_revision_created_at": "2025-12-25T18:02:45.234Z",
      "alias_of": null,
      "cover_photo": 5,
      "intro": "",
      "wagtail_admin_comments": []
    },
    "approved_go_live_at": null
  }
},
{
  "model": "wagtailcore.revision",
  "pk": 21,
  "fields": {
    "content_type": 45,
    "base_content_type": 1,
    "object_id": "6",
    "created_at": "2025-12-25T19:08:02.670Z",
    "user": 1,
    "object_str": "Cycle Hubs",
    "content": {
      "pk": 6,
      "path": "0001000200070002",
      "depth": 4,
      "numchild": 0,
      "translation_key": "ed381489-1639-4f3c-9faf-29fc2e9d0165",
      "locale": 1,
      "latest_revision": 7,
      "live": true,
      "has_unpublished_changes": false,
      "first_published_at": "2025-12-25T18:01:47.461Z",
      "last_published_at": "2025-12-25T18:01:47.461Z",
      "live_revision": 7,
      "go_live_at": null,
      "expire_at": null,
      "expired": false,
      "locked": false,
      "locked_at": null,
      "locked_by": null,
      "title": "Cycle Hubs",
      "draft_title": "Cycle Hubs",
      "slug": "cycle-hubs",
      "content_type": 45,
      "url_path": "/home/products/cycle-hubs/",
      "owner": 1,
      "seo_title": "",
      "show_in_menus": false,
      "search_description": "",
      "latest_revision_created_at": "2025-12-25T18:01:47.448Z",
      "alias_of": null,
      "cover_photo": 6,
      "intro": "<p data-block-key=\"2w7bc\"></p><p data-block-key=\"ehvcu\">In Ireland ‘Cycle Hubs’ is a relatively new concept and is a development of the recent growth in cycling. Essentially, a cycle hub is a cycling centre around which various facilities come together: e.g. cycle parking, bike repair facilities, cycling information - a multiple of services to support the cyclist. A Cycle Hub is essentially a centralised facility, designed to promote and support cycling as a mode of transportation, recreation, and overall well-being. It serves as a one-stop facility for cyclists, offering a range of services and amenities that cater to a range of cycling needs. A core element is usually cycle parking and Falco has been at the forefront of developing this concept over the last few years.</p><p data-block-key=\"9v2gj\">By bringing together cyclists, local businesses and community groups, a Cycle Hub helps to create a vibrant and sustainable cycling ecosystem. It promotes a healthier, more environmentally friendly, and cost-effective way to travel, while also contributing to the local economy and community development.<br/><br/><i>Bespoke Cycle Hub for Ipswich NHS Hospital</i></p><p data-block-key=\"cr1no\">In essence, a Cycle Hub is more than just a facility – it's a catalyst for positive change, inspiring people to get on their bikes and ride towards a brighter, more sustainable future.</p><h3 data-block-key=\"260hp\"><b>The Design</b></h3><p data-block-key=\"50oq1\">Whether manned or unmanned, when thinking of cycle hub design, you need to consider what services you wish to provide to the user. Our experience has taught us that there are four core elements to consider when designing a cycle hub:<br/></p><ol><li data-block-key=\"c66cj\"><b>Information</b></li><li data-block-key=\"6qmr7\"><b>Security and Safety</b></li><li data-block-key=\"3coea\"><b>User Facilities</b></li><li data-block-key=\"dmu5f\"><b>Practicalities </b></li></ol><p data-block-key=\"7f38e\"></p><ol><li data-block-key=\"8gpe6\"><b>Information</b><br/><br/>A key part of any public service is giving the user good information - make life easy for the cyclist!<br/></li></ol><ul><li data-block-key=\"bkosb\"><b>Branding</b> - developing an appealing concept for the facility creates ‘buy-in’ for the users, promoting respect for how people are to use the hub. Create a unique brand or link it to a wider scheme e.g. simple vinyls make a big difference for a low cost.</li><li data-block-key=\"6u064\"><b>Signage</b> - help the cyclist find your hub! Directional and integrated signage at all entrances, paths and routes in the area.</li><li data-block-key=\"ejiog\"><b>Information Point</b> - information as a part of the facility: provide leaflets, cycle routes and maps for the cyclist to use. Make the hub an information hub!</li></ul><p data-block-key=\"e0nii\"></p><h4 data-block-key=\"a7o04\"><b>2. Security and Safety</b></h4><p data-block-key=\"1ba7d\">This is core thinking for any cyclist – am I safe? will my bike be safe? If you want people to use the hub, then this is a key aspect, consider the following:</p><ul><li data-block-key=\"dlugh\"><b>Location</b> - although there is much to think about here, try and position the facility as near to the cyclists ultimate destination as possible.</li><li data-block-key=\"ac7qd\"><b>Visibility</b> - don’t hide your hub! If unmanned try and keep it within visibility of staff, other organisations and the public, could the area be patrolled?</li><li data-block-key=\"73d3l\"><b>Building Design</b> - what type of hub do you want to provide? A secure store, inside a purpose built building, outside either completely open or with a canopy or roof, as a secure compound or perhaps within an existing building?</li><li data-block-key=\"2004h\"><b>Access Types</b> - if the facility is to be secure then what kind of access will be used and how will this be managed - shared key, keypad, swipe card/fob, biometrics; managed or stand alone. Is an ‘airlock’ or turnstile required for single or multiple users?</li><li data-block-key=\"e1n62\"><b>CCTV</b> - this adds a huge amount of confidence to the cyclist leaving a potentially expensive bike at the hub.</li><li data-block-key=\"6lq5b\"><b>Lighting</b> - even if the facility isn’t 24 hour, dark Winter nights mean the facility needs some form of lighting.</li><li data-block-key=\"80b7o\"><b>Help Point</b> - if unmanned, perhaps the placing of Help Points would be appropriate.</li><li data-block-key=\"77l9k\"><b>Cycle Racks</b> - do the racks provide at least two point locking? Are they robust and secure?<br/></li></ul><p data-block-key=\"53f29\"></p><h4 data-block-key=\"d8ld8\"><b>3. User Facilities</b></h4><p data-block-key=\"9r9tl\">What’s the difference between a cycle park anda cycle hub? It’s the additional facilities on offer! What standard of facility could you provide your cyclists? Perhaps consider some of the following key facilities:<br/></p><ul><li data-block-key=\"v0sf\"><b>Cycle Parking</b> - what kind of cycle parking do youwish to offer – Sheffield stands, two tier racks,traditional racks and stands, cycle lockers, perhapseven a bespoke design? How many locking points are required?</li><li data-block-key=\"81k7h\"><b>Helmet / General Lockers</b> - providing safe secure lockers for bags, helmets and accessories provides a real help to the cyclist.</li><li data-block-key=\"clsm8\"><b>Pump</b> - whether an electric or manual cycle pump, this is a basic requirement for everyone.</li><li data-block-key=\"sl5\"><b>Bike Repair Station</b> - a simple facility incorporating a pump, cycle tools and other useful equipment.</li><li data-block-key=\"dvrue\"><b>Vending Machine</b> - either floor or wall mounted, a great idea to provide a source of inner tubes, repair kits and other useful cycling paraphernalia.</li><li data-block-key=\"1pb5t\"><b>Litter Bins</b> - a cleaner environment for cyclists to use.</li><li data-block-key=\"81plg\"><b>Seating</b> - a simple facility for cyclists to use.</li></ul><p data-block-key=\"autuq\">Although this is a list of key cyclist facilities, there is of course much more that can be added to your Cycle Hub design including showers, changing rooms and shops.</p><p data-block-key=\"amqtd\"></p><h4 data-block-key=\"3d1k8\"><b>4. Practicalities</b></h4><p data-block-key=\"2s061\">This is the reality check, the small print if you like. Of course there is the important matter of budgets and what is affordable (and a lot is possible for a relatively modest investment). It is this which drives most things today, but it is important to factor in issues such as: topographical surveys, planning requirements and other restrictions. Although we’ve put this last on the list, these are usually the first things you need to do!</p><p data-block-key=\"dvck0\">Also at all stages of the development process try and consult with any interested parties to garner as much information and ideas as possible, this not only helps to get momentum and best practise in place, but can also help to avoid any post build issues.<br/></p><p data-block-key=\"c4eel\"><br/><i>Bespoke Cycle Hub for Harrow on the Hill Station</i><br/><br/><b>Falco - The Home of Cycle Hubs</b></p><p data-block-key=\"8b9o2\">Falco has been designing, manufacturing, supplying and installing mass cycle parking facilities for over 50 years. With a Dutch parent company, Falco brings the whole wealth of European knowledge and understanding to it’s UK operations providing best practise and unrivalled experience.</p><p data-block-key=\"2vlsn\"><b>Free Consultancy</b><br/>Why pay for consultancy when good quality advice is available free through Falco’s experienced design team. We provide:</p><ul><li data-block-key=\"4e98b\"><b>Free site surveys</b></li><li data-block-key=\"epj39\"><b>Free CAD design</b></li><li data-block-key=\"acjnh\"><b>Free advice and consultancy on all aspects of cycle hub design</b><br/></li></ul><p data-block-key=\"4bfu3\">We have supplied solutions to all sectors of the UK including; Train Operating Companies, Local Authorities, NHS, MOD and the private sector.</p><p data-block-key=\"capq5\">AutoCAD, Rendering and Visual DesignFalco provide a comprehensive free design service using dynamic AutoCAD blocks and rendering images to help clients visualise their cycle hub design. 3D rendering graphics are available for all of our cycle hub designs with both internal and external perspectives available. All rendering graphics can be incorporated onto real time photos to provide a bona fide perspective of the cycle hub in real life.   </p><p data-block-key=\"77fsk\"><b>Innovative Product Range</b></p><p data-block-key=\"en6js\">Falco is an original equipment manufacturer - from basic Sheffield stands to innovative bespoke designs, from stand alone shelters to secure access stores – all are Falco manufactured, so we can control all aspects of supply; plus a range of peripherals such as Repair Stations and Cycle Counters, so make Falco the number one choice for your cycle hub solutions.</p>",
      "wagtail_admin_comments": []
    },
    "approved_go_live_at": null
  }
},
{
  "model": "wagtailcore.revision",
  "pk": 22,
  "fields": {
    "content_type": 45,
    "base_content_type": 1,
    "object_id": "7",
    "created_at": "2025-12-25T19:08:09.453Z",
    "user": 1,
    "object_str": "Shelters, Canopies, Walkways and Bin Stores",
    "content": {
      "pk": 7,
      "path": "0001000200070003",
      "depth": 4,
      "numchild": 0,
      "translation_key": "e652d81b-96ac-4229-a06c-b62eb0173d1e",
      "locale": 1,
      "latest_revision": 20,
      "live": true,
      "has_unpublished_changes": true,
      "first_published_at": "2025-12-25T18:02:45.242Z",
      "last_published_at": "2025-12-25T18:02:45.242Z",
      "live_revision": 9,
      "go_live_at": null,
      "expire_at": null,
      "expired": false,
      "locked": false,
      "locked_at": null,
      "locked_by": null,
      "title": "Shelters, Canopies, Walkways and Bin Stores",
      "draft_title": "Shelters, Canopies, Walkways and Bin Stores",
      "slug": "shelters-canopies-walkways-and-bin-stores",
      "content_type": 45,
      "url_path": "/home/products/shelters-canopies-walkways-and-bin-stores/",
      "owner": 1,
      "seo_title": "",
      "show_in_menus": false,
      "search_description": "",
      "latest_revision_created_at": "2025-12-25T19:07:00.113Z",
      "alias_of": null,
      "cover_photo": 5,
      "intro": "",
      "wagtail_admin_comments": []
    },
    "approved_go_live_at": null
  }
},
{
  "model": "wagtailcore.revision",
  "pk": 23,
  "fields": {
    "content_type": 45,
    "base_content_type": 1,
    "object_id": "8",
    "created_at": "2025-12-25T19:08:16.009Z",
    "user": 1,
    "object_str": "Street Furniture",
    "content": {
      "pk": 8,
      "path": "0001000200070004",
      "depth": 4,
      "numchild": 0,
      "translation_key": "d43ebe0c-ecfc-4af6-83cb-36ee35b02327",
      "locale": 1,
      "latest_revision": 19,
      "live": true,
      "has_unpublished_changes": true,
      "first_published_at": "2025-12-25T18:03:00.235Z",
      "last_published_at": "2025-12-25T18:03:11.506Z",
      "live_revision": 11,
      "go_live_at": null,
      "expire_at": null,
      "expired": false,
      "locked": false,
      "locked_at": null,
      "locked_by": null,
      "title": "Street Furniture",
      "draft_title": "Street Furniture",
      "slug": "street-furniture",
      "content_type": 45,
      "url_path": "/home/products/street-furniture/",
      "owner": 1,
      "seo_title": "",
      "show_in_menus": false,
      "search_description": "",
      "latest_revision_created_at": "2025-12-25T19:06:13.850Z",
      "alias_of": null,
      "cover_photo": 4,
      "intro": "<p data-block-key=\"iu44u\">Falco manufactures a comprehensive range of high quality street furniture products for any environment. From cost-effective, modular ranges of outdoor seating, to architectural seating arrangements and traditional cast iron bollards and timber planters, the street furniture range is here to give architects, designers and specifiers’ inspiration and choice.</p><p data-block-key=\"3ufeg\">Our comprehensive range includes; outdoor seating, benches, stools and chairs, litter bins and recycling units, picnic tables and outdoor tables, bollards and demarcation posts, planters, tree guides, tree grilles and tree protection guards, barriers and parking reservation posts – the whole range of street furniture requirements. The design led aspect of Falco street furniture enables it to accentuate any scheme - from parks and recreation areas to stations, local authorities and regeneration projects.</p><p data-block-key=\"5tltr\">Falco has designed, manufactured, supplied and installed street furniture products for a wide range of key transport terminals, hospitals, universities, schools, football clubs, high streets and private commercial buildings, these include Loughborough University, Middlesex University, Warwick University, Euston Railway Station, Manchester United and Manchester City Football Clubs.</p><p data-block-key=\"copk9\">Falco provide a comprehensive street furniture design and installation service, this includes free site surveys, free CAD design, schematics and rendering drawings, groundworks, manufacture, supply and installation to final sign off. Falco can also adapt many of our product ranges to meet the bespoke requirements of the client, this includes incorporating brands, logos and location names into our street furniture products as well as bespoke dimensions and a powder coated finish in any of the 192 RAL colours.</p>",
      "wagtail_admin_comments": []
    },
    "approved_go_live_at": null
  }
},
{
  "model": "wagtailcore.revision",
  "pk": 24,
  "fields": {
    "content_type": 45,
    "base_content_type": 1,
    "object_id": "5",
    "created_at": "2025-12-25T19:08:29.475Z",
    "user": 1,
    "object_str": "Cycle Parking",
    "content": {
      "pk": 5,
      "path": "0001000200070001",
      "depth": 4,
      "numchild": 1,
      "translation_key": "b1e53c59-2d33-435e-b108-9d866c124ca3",
      "locale": 1,
      "latest_revision": 6,
      "live": true,
      "has_unpublished_changes": false,
      "first_published_at": "2025-12-25T18:00:38.780Z",
      "last_published_at": "2025-12-25T18:00:38.780Z",
      "live_revision": 6,
      "go_live_at": null,
      "expire_at": null,
      "expired": false,
      "locked": false,
      "locked_at": null,
      "locked_by": null,
      "title": "Cycle Parking",
      "draft_title": "Cycle Parking",
      "slug": "cycle-parking",
      "content_type": 45,
      "url_path": "/home/products/cycle-parking/",
      "owner": 1,
      "seo_title": "",
      "show_in_menus": false,
      "search_description": "",
      "latest_revision_created_at": "2025-12-25T18:00:38.766Z",
      "alias_of": null,
      "cover_photo": 7,
      "intro": "<h2 data-block-key=\"uv35m\"><b><i>Cycle Parking – Innovative Bike Parking Solutions Across the UK</i></b><br/></h2><p data-block-key=\"juph\">Falco has been designing, manufacturing and installing cycle parking products for over 60 years, supporting clients in both the public and private sectors to achieve the maximum number of cycle spaces in any given area. With one of the UK’s most extensive product portfolios, Falco provides complete cycle parking solutions to suit every budget, site and requirement.</p><h3 data-block-key=\"47hv7\"><b>A Complete Range of Cycle Parking Products</b></h3><p data-block-key=\"debaf\">Our cycle parking range includes:</p><ul><li data-block-key=\"9j4t9\"><b>Cycle stands</b> – from the classic Sheffield Stand to branded designs.<br/></li><li data-block-key=\"8sgi2\"><b>Cycle racks</b> – including the world’s most popular A-11 cycle rack and the space-efficient FalcoLevel -Premium+ two-tier cycle rack.<br/></li><li data-block-key=\"51ji3\"><b>Cycle lockers</b> – such as the exceptionally secure FalcoSafe cycle locker, ideal for workplaces and stations.<br/></li><li data-block-key=\"9g46o\"><b>Cycle shelters &amp; hubs</b> – from small covered shelters to large-scale facilities such as the FalcoHub and FalcoScandic.<br/></li><li data-block-key=\"1jtuv\"><b>Advanced cycle parking products</b> – including innovative automated and smart solutions to meet the needs of future mobility.</li></ul><p data-block-key=\"b6ar0\">All products are manufactured from durable, sustainable materials, with a wide range of finishes and colours available.<br/></p><h3 data-block-key=\"3qo9\"><b>Trusted Cycle Parking Infrastructure Across the UK</b></h3><p data-block-key=\"318i3\">Falco has delivered thousands of cycle parking projects nationwide, helping to promote active travel and sustainable transport. Recent projects include:</p><ul><li data-block-key=\"eeb4v\">3,000 cycle parking spaces for the record breaking Cambridge CyclePoint, featuring 3,000 mixed-use cycle parking spaces.</li><li data-block-key=\"1gu6b\">1,000 cycle parking spaces for the former largest cycle park at Chelmsford Station. </li><li data-block-key=\"3aikj\">Secure, bespoke cycle hubs for over 30 NHS Hospitals.</li><li data-block-key=\"bj2ae\">Bespoke cycle hubs for Avanti West Coast Franchised Stations.</li><li data-block-key=\"bllor\">Secure Bike Hangars for a wide range of Councils across the UK including: LB Ealing, LB Lewisham, LB Richmond &amp; Wandsworth, Camden Council, LB Merton and Shrewsbury Town Council.</li><li data-block-key=\"9bsn\">Extensive range of cycle parking for ScotRail Stations as part of the ScotRail Cycle Innovation Plan.</li><li data-block-key=\"dlem1\">Mixed-use cycle parking for Manchester Piccaddily Station. </li></ul><p data-block-key=\"9r2f9\">These projects demonstrate our ability to deliver cycle parking infrastructure on every scale, from a few Sheffield stands to multi-thousand-space cycle hubs.<br/></p><h3 data-block-key=\"61sfj\"><b>End-to-End Cycle Parking Service</b></h3><p data-block-key=\"eo3me\">Falco provides a complete cycle parking infrastructure package, including:</p><ul><li data-block-key=\"66kvq\">Free consultation and site surveys<br/></li><li data-block-key=\"90c4r\">Free CAD design, layouts and schematics<br/></li><li data-block-key=\"dtlmn\">High-quality 3D graphics and visualisations<br/></li><li data-block-key=\"a8kq4\">Manufacture and powder-coating in over 190 RAL colours<br/></li><li data-block-key=\"avnv0\">Groundworks, delivery, installation and sign-off by our in-house team</li></ul><h3 data-block-key=\"3mhrv\"><b>Cycle Parking for Every Sector</b></h3><p data-block-key=\"6cqhu\">Falco cycle parking solutions are ideal for:</p><ul><li data-block-key=\"74i75\"><b>Railway stations and transport hubs</b><br/></li><li data-block-key=\"5vqn9\"><b>Universities, schools and colleges</b><br/></li><li data-block-key=\"f500f\"><b>Workplaces, business parks and offices</b><br/></li><li data-block-key=\"2flm\"><b>Hospitals and healthcare facilities</b><br/></li><li data-block-key=\"5ns8d\"><b>Councils, local authorities and public realm projects</b><br/></li><li data-block-key=\"2t2hn\"><b>Retail and leisure centres</b></li></ul><p data-block-key=\"7q0uk\">Whether you require cost-effective cycle parking for a small site or a large-scale cycle hub to serve thousands of users, Falco has the expertise and product range to deliver.<br/></p><h3 data-block-key=\"afja6\"><b>Why Choose Falco Cycle Parking?</b></h3><ul><li data-block-key=\"dls1n\">Over 50 years’ experience in cycle parking innovation<br/></li><li data-block-key=\"c8vce\">Trusted by councils, rail operators, universities and major UK businesses<br/></li><li data-block-key=\"e61au\">Products designed for compliance with UK and European standards<br/></li><li data-block-key=\"1ofho\">Sustainable materials and finishes to support Net Zero and BREEAM requirements<br/></li><li data-block-key=\"6pf0n\">A complete service from consultation through to installation</li></ul>",
      "wagtail_admin_comments": []
    },
    "approved_go_live_at": null
  }
},
{
  "model": "wagtailcore.revision",
  "pk": 25,
  "fields": {
    "content_type": 46,
    "base_content_type": 1,
    "object_id": "9",
    "created_at": "2025-12-25T19:15:08.430Z",
    "user": 1,
    "object_str": "FalcoLevel-Premium+ Two-Tier Cycle Parking",
    "content": {
      "pk": 9,
      "path": "00010002000700010001",
      "depth": 5,
      "numchild": 0,
      "translation_key": "a412e391-2a43-4a18-97a8-647f2d39aec2",
      "locale": 1,
      "latest_revision": 12,
      "live": true,
      "has_unpublished_changes": false,
      "first_published_at": "2025-12-25T18:06:55.626Z",
      "last_published_at": "2025-12-25T18:06:55.626Z",
      "live_revision": 12,
      "go_live_at": null,
      "expire_at": null,
      "expired": false,
      "locked": false,
      "locked_at": null,
      "locked_by": null,
      "title": "FalcoLevel-Premium+ Two-Tier Cycle Parking",
      "draft_title": "FalcoLevel-Premium+ Two-Tier Cycle Parking",
      "slug": "falcolevel-premium-two-tier-cycle-parking",
      "content_type": 46,
      "url_path": "/home/products/cycle-parking/falcolevel-premium-two-tier-cycle-parking/",
      "owner": 1,
      "seo_title": "",
      "show_in_menus": false,
      "search_description": "",
      "latest_revision_created_at": "2025-12-25T18:06:55.613Z",
      "alias_of": null,
      "description": "<h2 data-block-key=\"93erx\">Benefits</h2><p data-block-key=\"asn4o\">Compared to traditional two-tier cycle parking systems, the new aluminium FalcoLevel Premium+ two tier cycle rack from Falco, has some distinct benefits over its cheaper rivals:</p><ul><li data-block-key=\"fkgdd\">Significant sound reduction from upper tier removing a large amount of noise pollution.</li><li data-block-key=\"2efen\">Smoother action for the storage and retrieval of bikes.</li><li data-block-key=\"ave00\">Has multiple locking points for differing cycle designs.</li><li data-block-key=\"147vf\">Just as easy to park a bicycle on the upper rack as the lower rack.</li><li data-block-key=\"5e39b\">Better suited for modern bikes with higher and wider handle bars.</li><li data-block-key=\"cip52\">Lighter to use than steel units making upper tier available to more cyclists.</li><li data-block-key=\"9h5vq\">Ergonomic handgrip, with a thicker, warm to touch material that can be lifted with one or two hands.</li><li data-block-key=\"ebb5g\">Lower lifting height (of the bike into the gutter).</li><li data-block-key=\"61gdc\">The roll in angle of the bike is less steep.</li><li data-block-key=\"dv3lh\">Integrated floating feet for mounting on uneven surfaces.</li><li data-block-key=\"hi9m\">Modular design enables flexible c.t.c. bike spacing measurements.</li><li data-block-key=\"8robd\">Stylish looking modern European design.<br/></li></ul><h2 data-block-key=\"30nvd\">Features</h2><p data-block-key=\"bv3jd\">Some key features of the FalcoLevel-Premium+ arise from it’s two year development cycle:</p><ul><li data-block-key=\"1dg5o\">The FalcoLevel Premium+ has excellent build quality, typical of a Falco product.</li><li data-block-key=\"dm3rg\">Utilises gas struts for easy lifting.</li><li data-block-key=\"fasc7\">Rollers are manufactured from hard wearing nylon with a stainless steel bearing.</li><li data-block-key=\"8pqge\">Adjustable feet for uneven surfaces.</li><li data-block-key=\"55h4d\">Robust welded construction for steel framework - hot dip galvanised to BS EN ISO 1461 and available in 192 RAL colours.<br/></li></ul><p data-block-key=\"76oct\">The FalcoLevel-Premium+ is suitable for indoor or outdoor use. Falco also manufacture a range of single sided and double sided shelter and canopy structures ideal for sheltering the two-tier system. All steel parts can be powder coated in any of the 192 standard RAL colours upon request.</p>",
      "price": "6000.00",
      "sku": "",
      "image": 2,
      "specification_pdf": 1,
      "wagtail_admin_comments": []
    },
    "approved_go_live_at": null
  }
},
{
  "model": "wagtailcore.collection",
  "pk": 1,
  "fields": {
    "path": "0001",
    "depth": 1,
    "numchild": 0,
    "name": "Root"
  }
},
{
  "model": "wagtailcore.groupcollectionpermission",
  "pk": 1,
  "fields": {
    "group": 2,
    "collection": 1,
    "permission": 106
  }
},
{
  "model": "wagtailcore.groupcollectionpermission",
  "pk": 2,
  "fields": {
    "group": 1,
    "collection": 1,
    "permission": 106
  }
},
{
  "model": "wagtailcore.groupcollectionpermission",
  "pk": 3,
  "fields": {
    "group": 2,
    "collection": 1,
    "permission": 107
  }
},
{
  "model": "wagtailcore.groupcollectionpermission",
  "pk": 4,
  "fields": {
    "group": 1,
    "collection": 1,
    "permission": 107
  }
},
{
  "model": "wagtailcore.groupcollectionpermission",
  "pk": 5,
  "fields": {
    "group": 2,
    "collection": 1,
    "permission": 109
  }
},
{
  "model": "wagtailcore.groupcollectionpermission",
  "pk": 6,
  "fields": {
    "group": 1,
    "collection": 1,
    "permission": 109
  }
},
{
  "model": "wagtailcore.groupcollectionpermission",
  "pk": 7,
  "fields": {
    "group": 2,
    "collection": 1,
    "permission": 110
  }
},
{
  "model": "wagtailcore.groupcollectionpermission",
  "pk": 8,
  "fields": {
    "group": 1,
    "collection": 1,
    "permission": 110
  }
},
{
  "model": "wagtailcore.groupcollectionpermission",
  "pk": 9,
  "fields": {
    "group": 2,
    "collection": 1,
    "permission": 111
  }
},
{
  "model": "wagtailcore.groupcollectionpermission",
  "pk": 10,
  "fields": {
    "group": 1,
    "collection": 1,
    "permission": 111
  }
},
{
  "model": "wagtailcore.groupcollectionpermission",
  "pk": 11,
  "fields": {
    "group": 2,
    "collection": 1,
    "permission": 113
  }
},
{
  "model": "wagtailcore.groupcollectionpermission",
  "pk": 12,
  "fields": {
    "group": 1,
    "collection": 1,
    "permission": 113
  }
},
{
  "model": "wagtailcore.workflow",
  "pk": 1,
  "fields": {
    "name": "Moderators approval",
    "active": true
  }
},
{
  "model": "wagtailcore.workflowtask",
  "pk": 1,
  "fields": {
    "sort_order": 0,
    "workflow": 1,
    "task": 1
  }
},
{
  "model": "wagtailcore.task",
  "pk": 1,
  "fields": {
    "name": "Moderators approval",
    "content_type": 3,
    "active": true
  }
},
{
  "model": "wagtailcore.groupapprovaltask",
  "pk": 1,
  "fields": {
    "groups": [
      1
    ]
  }
},
{
  "model": "wagtailcore.page",
  "pk": 1,
  "fields": {
    "path": "0001",
    "depth": 1,
    "numchild": 2,
    "translation_key": "586c3d81-a925-4813-8bcc-446ce4fcc118",
    "locale": 1,
    "latest_revision": null,
    "live": true,
    "has_unpublished_changes": false,
    "first_published_at": null,
    "last_published_at": null,
    "live_revision": null,
    "go_live_at": null,
    "expire_at": null,
    "expired": false,
    "locked": false,
    "locked_at": null,
    "locked_by": null,
    "title": "Root",
    "draft_title": "Root",
    "slug": "root",
    "content_type": 1,
    "url_path": "/",
    "owner": null,
    "seo_title": "",
    "show_in_menus": false,
    "search_description": "",
    "latest_revision_created_at": null,
    "alias_of": null
  }
},
{
  "model": "wagtailcore.page",
  "pk": 3,
  "fields": {
    "path": "00010002",
    "depth": 2,
    "numchild": 3,
    "translation_key": "c1a6304e-5517-4648-83b8-7db835a96bce",
    "locale": 1,
    "latest_revision": 18,
    "live": true,
    "has_unpublished_changes": false,
    "first_published_at": "2025-12-25T17:32:59.149Z",
    "last_published_at": "2025-12-25T18:59:55.801Z",
    "live_revision": 18,
    "go_live_at": null,
    "expire_at": null,
    "expired": false,
    "locked": false,
    "locked_at": null,
    "locked_by": null,
    "title": "home",
    "draft_title": "home",
    "slug": "home",
    "content_type": 47,
    "url_path": "/home/",
    "owner": 1,
    "seo_title": "",
    "show_in_menus": false,
    "search_description": "",
    "latest_revision_created_at": "2025-12-25T18:59:55.791Z",
    "alias_of": null
  }
},
{
  "model": "wagtailcore.page",
  "pk": 4,
  "fields": {
    "path": "000100020001",
    "depth": 3,
    "numchild": 0,
    "translation_key": "a6d2dea3-5ec3-4afd-9f4c-4cee6c19c548",
    "locale": 1,
    "latest_revision": 13,
    "live": true,
    "has_unpublished_changes": false,
    "first_published_at": "2025-12-25T17:45:22.643Z",
    "last_published_at": "2025-12-25T18:27:26.906Z",
    "live_revision": 13,
    "go_live_at": null,
    "expire_at": null,
    "expired": false,
    "locked": false,
    "locked_at": null,
    "locked_by": null,
    "title": "About ODENN",
    "draft_title": "About ODENN",
    "slug": "about",
    "content_type": 48,
    "url_path": "/home/about/",
    "owner": 1,
    "seo_title": "",
    "show_in_menus": false,
    "search_description": "",
    "latest_revision_created_at": "2025-12-25T18:27:26.891Z",
    "alias_of": null
  }
},
{
  "model": "wagtailcore.page",
  "pk": 5,
  "fields": {
    "path": "0001000200070001",
    "depth": 4,
    "numchild": 1,
    "translation_key": "b1e53c59-2d33-435e-b108-9d866c124ca3",
    "locale": 1,
    "latest_revision": 24,
    "live": true,
    "has_unpublished_changes": false,
    "first_published_at": "2025-12-25T18:00:38.780Z",
    "last_published_at": "2025-12-25T19:08:29.491Z",
    "live_revision": 24,
    "go_live_at": null,
    "expire_at": null,
    "expired": false,
    "locked": false,
    "locked_at": null,
    "locked_by": null,
    "title": "Cycle Parking",
    "draft_title": "Cycle Parking",
    "slug": "cycle-parking",
    "content_type": 45,
    "url_path": "/home/products/cycle-parking/",
    "owner": 1,
    "seo_title": "",
    "show_in_menus": false,
    "search_description": "",
    "latest_revision_created_at": "2025-12-25T19:08:29.475Z",
    "alias_of": null
  }
},
{
  "model": "wagtailcore.page",
  "pk": 6,
  "fields": {
    "path": "0001000200070002",
    "depth": 4,
    "numchild": 0,
    "translation_key": "ed381489-1639-4f3c-9faf-29fc2e9d0165",
    "locale": 1,
    "latest_revision": 21,
    "live": true,
    "has_unpublished_changes": false,
    "first_published_at": "2025-12-25T18:01:47.461Z",
    "last_published_at": "2025-12-25T19:08:02.686Z",
    "live_revision": 21,
    "go_live_at": null,
    "expire_at": null,
    "expired": false,
    "locked": false,
    "locked_at": null,
    "locked_by": null,
    "title": "Cycle Hubs",
    "draft_title": "Cycle Hubs",
    "slug": "cycle-hubs",
    "content_type": 45,
    "url_path": "/home/products/cycle-hubs/",
    "owner": 1,
    "seo_title": "",
    "show_in_menus": false,
    "search_description": "",
    "latest_revision_created_at": "2025-12-25T19:08:02.670Z",
    "alias_of": null
  }
},
{
  "model": "wagtailcore.page",
  "pk": 7,
  "fields": {
    "path": "0001000200070003",
    "depth": 4,
    "numchild": 0,
    "translation_key": "e652d81b-96ac-4229-a06c-b62eb0173d1e",
    "locale": 1,
    "latest_revision": 22,
    "live": true,
    "has_unpublished_changes": false,
    "first_published_at": "2025-12-25T18:02:45.242Z",
    "last_published_at": "2025-12-25T19:08:09.463Z",
    "live_revision": 22,
    "go_live_at": null,
    "expire_at": null,
    "expired": false,
    "locked": false,
    "locked_at": null,
    "locked_by": null,
    "title": "Shelters, Canopies, Walkways and Bin Stores",
    "draft_title": "Shelters, Canopies, Walkways and Bin Stores",
    "slug": "shelters-canopies-walkways-and-bin-stores",
    "content_type": 45,
    "url_path": "/home/products/shelters-canopies-walkways-and-bin-stores/",
    "owner": 1,
    "seo_title": "",
    "show_in_menus": false,
    "search_description": "",
    "latest_revision_created_at": "2025-12-25T19:08:09.453Z",
    "alias_of": null
  }
},
{
  "model": "wagtailcore.page",
  "pk": 8,
  "fields": {
    "path": "0001000200070004",
    "depth": 4,
    "numchild": 0,
    "translation_key": "d43ebe0c-ecfc-4af6-83cb-36ee35b02327",
    "locale": 1,
    "latest_revision": 23,
    "live": true,
    "has_unpublished_changes": false,
    "first_published_at": "2025-12-25T18:03:00.235Z",
    "last_published_at": "2025-12-25T19:08:16.020Z",
    "live_revision": 23,
    "go_live_at": null,
    "expire_at": null,
    "expired": false,
    "locked": false,
    "locked_at": null,
    "locked_by": null,
    "title": "Street Furniture",
    "draft_title": "Street Furniture",
    "slug": "street-furniture",
    "content_type": 45,
    "url_path": "/home/products/street-furniture/",
    "owner": 1,
    "seo_title": "",
    "show_in_menus": false,
    "search_description": "",
    "latest_revision_created_at": "2025-12-25T19:08:16.009Z",
    "alias_of": null
  }
},
{
  "model": "wagtailcore.page",
  "pk": 9,
  "fields": {
    "path": "00010002000700010001",
    "depth": 5,
    "numchild": 0,
    "translation_key": "a412e391-2a43-4a18-97a8-647f2d39aec2",
    "locale": 1,
    "latest_revision": 25,
    "live": true,
    "has_unpublished_changes": false,
    "first_published_at": "2025-12-25T18:06:55.626Z",
    "last_published_at": "2025-12-25T19:15:08.443Z",
    "live_revision": 25,
    "go_live_at": null,
    "expire_at": null,
    "expired": false,
    "locked": false,
    "locked_at": null,
    "locked_by": null,
    "title": "FalcoLevel-Premium+ Two-Tier Cycle Parking",
    "draft_title": "FalcoLevel-Premium+ Two-Tier Cycle Parking",
    "slug": "falcolevel-premium-two-tier-cycle-parking",
    "content_type": 46,
    "url_path": "/home/products/cycle-parking/falcolevel-premium-two-tier-cycle-parking/",
    "owner": 1,
    "seo_title": "",
    "show_in_menus": false,
    "search_description": "",
    "latest_revision_created_at": "2025-12-25T19:15:08.430Z",
    "alias_of": null
  }
},
{
  "model": "wagtailcore.page",
  "pk": 10,
  "fields": {
    "path": "000100020006",
    "depth": 3,
    "numchild": 0,
    "translation_key": "4400b022-b3c3-4548-8a05-733b79d0a882",
    "locale": 1,
    "latest_revision": 14,
    "live": true,
    "has_unpublished_changes": false,
    "first_published_at": "2025-12-25T18:33:15.555Z",
    "last_published_at": "2025-12-25T18:33:15.555Z",
    "live_revision": 14,
    "go_live_at": null,
    "expire_at": null,
    "expired": false,
    "locked": false,
    "locked_at": null,
    "locked_by": null,
    "title": "Contact Us",
    "draft_title": "Contact Us",
    "slug": "contact",
    "content_type": 49,
    "url_path": "/home/contact/",
    "owner": 1,
    "seo_title": "",
    "show_in_menus": false,
    "search_description": "",
    "latest_revision_created_at": "2025-12-25T18:33:15.542Z",
    "alias_of": null
  }
},
{
  "model": "wagtailcore.page",
  "pk": 11,
  "fields": {
    "path": "000100020007",
    "depth": 3,
    "numchild": 4,
    "translation_key": "55ac429b-75ca-4b8a-a73e-41d49bcfe4fb",
    "locale": 1,
    "latest_revision": 17,
    "live": true,
    "has_unpublished_changes": false,
    "first_published_at": "2025-12-25T18:46:18.042Z",
    "last_published_at": "2025-12-25T18:49:52.559Z",
    "live_revision": 17,
    "go_live_at": null,
    "expire_at": null,
    "expired": false,
    "locked": false,
    "locked_at": null,
    "locked_by": null,
    "title": "Products",
    "draft_title": "Products",
    "slug": "products",
    "content_type": 50,
    "url_path": "/home/products/",
    "owner": 1,
    "seo_title": "",
    "show_in_menus": false,
    "search_description": "",
    "latest_revision_created_at": "2025-12-25T18:49:52.542Z",
    "alias_of": null
  }
},
{
  "model": "wagtailcore.grouppagepermission",
  "pk": 1,
  "fields": {
    "group": 1,
    "page": 1,
    "permission": 66
  }
},
{
  "model": "wagtailcore.grouppagepermission",
  "pk": 2,
  "fields": {
    "group": 1,
    "page": 1,
    "permission": 67
  }
},
{
  "model": "wagtailcore.grouppagepermission",
  "pk": 3,
  "fields": {
    "group": 1,
    "page": 1,
    "permission": 72
  }
},
{
  "model": "wagtailcore.grouppagepermission",
  "pk": 4,
  "fields": {
    "group": 2,
    "page": 1,
    "permission": 66
  }
},
{
  "model": "wagtailcore.grouppagepermission",
  "pk": 5,
  "fields": {
    "group": 2,
    "page": 1,
    "permission": 67
  }
},
{
  "model": "wagtailcore.grouppagepermission",
  "pk": 6,
  "fields": {
    "group": 1,
    "page": 1,
    "permission": 71
  }
},
{
  "model": "wagtailcore.grouppagepermission",
  "pk": 7,
  "fields": {
    "group": 1,
    "page": 1,
    "permission": 73
  }
},
{
  "model": "wagtailcore.workflowpage",
  "pk": 1,
  "fields": {
    "workflow": 1
  }
},
{
  "model": "wagtailcore.pagelogentry",
  "pk": 1,
  "fields": {
    "content_type": 47,
    "label": "NotHome",
    "action": "wagtail.create",
    "data": {},
    "timestamp": "2025-12-25T17:32:52.156Z",
    "uuid": "2a0046d3-f89d-4bc3-ae79-b02847e73f80",
    "user": 1,
    "revision": null,
    "content_changed": true,
    "deleted": false,
    "page": 3
  }
},
{
  "model": "wagtailcore.pagelogentry",
  "pk": 2,
  "fields": {
    "content_type": 47,
    "label": "NotHome",
    "action": "wagtail.edit",
    "data": {},
    "timestamp": "2025-12-25T17:32:52.175Z",
    "uuid": "2a0046d3-f89d-4bc3-ae79-b02847e73f80",
    "user": 1,
    "revision": 1,
    "content_changed": true,
    "deleted": false,
    "page": 3
  }
},
{
  "model": "wagtailcore.pagelogentry",
  "pk": 3,
  "fields": {
    "content_type": 47,
    "label": "NotHome",
    "action": "wagtail.edit",
    "data": {},
    "timestamp": "2025-12-25T17:32:59.144Z",
    "uuid": "912c97c4-d1da-4872-a93a-5ac7d5e1afce",
    "user": 1,
    "revision": 2,
    "content_changed": true,
    "deleted": false,
    "page": 3
  }
},
{
  "model": "wagtailcore.pagelogentry",
  "pk": 4,
  "fields": {
    "content_type": 47,
    "label": "NotHome",
    "action": "wagtail.publish",
    "data": {},
    "timestamp": "2025-12-25T17:32:59.163Z",
    "uuid": "912c97c4-d1da-4872-a93a-5ac7d5e1afce",
    "user": 1,
    "revision": 2,
    "content_changed": false,
    "deleted": false,
    "page": 3
  }
},
{
  "model": "wagtailcore.pagelogentry",
  "pk": 5,
  "fields": {
    "content_type": 1,
    "label": "Welcome to your new Wagtail site!",
    "action": "wagtail.delete",
    "data": {},
    "timestamp": "2025-12-25T17:33:53.903Z",
    "uuid": "bf9f2110-fe9c-41f6-967f-5470d83754ca",
    "user": 1,
    "revision": null,
    "content_changed": false,
    "deleted": true,
    "page": 2
  }
},
{
  "model": "wagtailcore.pagelogentry",
  "pk": 6,
  "fields": {
    "content_type": 47,
    "label": "NotHome",
    "action": "wagtail.edit",
    "data": {},
    "timestamp": "2025-12-25T17:34:05.719Z",
    "uuid": "72c7b60d-9cd1-4510-b4e9-91913d7bdb80",
    "user": 1,
    "revision": 3,
    "content_changed": true,
    "deleted": false,
    "page": 3
  }
},
{
  "model": "wagtailcore.pagelogentry",
  "pk": 7,
  "fields": {
    "content_type": 48,
    "label": "About ODENN",
    "action": "wagtail.create",
    "data": {},
    "timestamp": "2025-12-25T17:45:22.616Z",
    "uuid": "4e3de74f-e4d7-42a9-8c86-868417ea2108",
    "user": 1,
    "revision": null,
    "content_changed": true,
    "deleted": false,
    "page": 4
  }
},
{
  "model": "wagtailcore.pagelogentry",
  "pk": 8,
  "fields": {
    "content_type": 48,
    "label": "About ODENN",
    "action": "wagtail.edit",
    "data": {},
    "timestamp": "2025-12-25T17:45:22.637Z",
    "uuid": "4e3de74f-e4d7-42a9-8c86-868417ea2108",
    "user": 1,
    "revision": 4,
    "content_changed": true,
    "deleted": false,
    "page": 4
  }
},
{
  "model": "wagtailcore.pagelogentry",
  "pk": 9,
  "fields": {
    "content_type": 48,
    "label": "About ODENN",
    "action": "wagtail.publish",
    "data": {},
    "timestamp": "2025-12-25T17:45:22.656Z",
    "uuid": "4e3de74f-e4d7-42a9-8c86-868417ea2108",
    "user": 1,
    "revision": 4,
    "content_changed": true,
    "deleted": false,
    "page": 4
  }
},
{
  "model": "wagtailcore.pagelogentry",
  "pk": 10,
  "fields": {
    "content_type": 47,
    "label": "home",
    "action": "wagtail.edit",
    "data": {},
    "timestamp": "2025-12-25T17:46:31.794Z",
    "uuid": "a46fbed1-b755-4a94-8671-723e6e2eb9ac",
    "user": 1,
    "revision": 5,
    "content_changed": true,
    "deleted": false,
    "page": 3
  }
},
{
  "model": "wagtailcore.pagelogentry",
  "pk": 11,
  "fields": {
    "content_type": 47,
    "label": "home",
    "action": "wagtail.rename",
    "data": {
      "title": {
        "old": "NotHome",
        "new": "home"
      }
    },
    "timestamp": "2025-12-25T17:46:31.812Z",
    "uuid": "a46fbed1-b755-4a94-8671-723e6e2eb9ac",
    "user": 1,
    "revision": 5,
    "content_changed": false,
    "deleted": false,
    "page": 3
  }
},
{
  "model": "wagtailcore.pagelogentry",
  "pk": 12,
  "fields": {
    "content_type": 47,
    "label": "home",
    "action": "wagtail.publish",
    "data": {
      "title": {
        "old": "NotHome",
        "new": "home"
      }
    },
    "timestamp": "2025-12-25T17:46:31.814Z",
    "uuid": "a46fbed1-b755-4a94-8671-723e6e2eb9ac",
    "user": 1,
    "revision": 5,
    "content_changed": true,
    "deleted": false,
    "page": 3
  }
},
{
  "model": "wagtailcore.pagelogentry",
  "pk": 13,
  "fields": {
    "content_type": 45,
    "label": "Cycle Parking",
    "action": "wagtail.create",
    "data": {},
    "timestamp": "2025-12-25T18:00:38.755Z",
    "uuid": "5f35a3eb-224c-4e32-9641-fd40adeaeb01",
    "user": 1,
    "revision": null,
    "content_changed": true,
    "deleted": false,
    "page": 5
  }
},
{
  "model": "wagtailcore.pagelogentry",
  "pk": 14,
  "fields": {
    "content_type": 45,
    "label": "Cycle Parking",
    "action": "wagtail.edit",
    "data": {},
    "timestamp": "2025-12-25T18:00:38.775Z",
    "uuid": "5f35a3eb-224c-4e32-9641-fd40adeaeb01",
    "user": 1,
    "revision": 6,
    "content_changed": true,
    "deleted": false,
    "page": 5
  }
},
{
  "model": "wagtailcore.pagelogentry",
  "pk": 15,
  "fields": {
    "content_type": 45,
    "label": "Cycle Parking",
    "action": "wagtail.publish",
    "data": {},
    "timestamp": "2025-12-25T18:00:38.793Z",
    "uuid": "5f35a3eb-224c-4e32-9641-fd40adeaeb01",
    "user": 1,
    "revision": 6,
    "content_changed": true,
    "deleted": false,
    "page": 5
  }
},
{
  "model": "wagtailcore.pagelogentry",
  "pk": 16,
  "fields": {
    "content_type": 45,
    "label": "Cycle Hubs",
    "action": "wagtail.create",
    "data": {},
    "timestamp": "2025-12-25T18:01:47.438Z",
    "uuid": "fcca88fe-a955-48f6-a716-ee2ff6c91ea4",
    "user": 1,
    "revision": null,
    "content_changed": true,
    "deleted": false,
    "page": 6
  }
},
{
  "model": "wagtailcore.pagelogentry",
  "pk": 17,
  "fields": {
    "content_type": 45,
    "label": "Cycle Hubs",
    "action": "wagtail.edit",
    "data": {},
    "timestamp": "2025-12-25T18:01:47.456Z",
    "uuid": "fcca88fe-a955-48f6-a716-ee2ff6c91ea4",
    "user": 1,
    "revision": 7,
    "content_changed": true,
    "deleted": false,
    "page": 6
  }
},
{
  "model": "wagtailcore.pagelogentry",
  "pk": 18,
  "fields": {
    "content_type": 45,
    "label": "Cycle Hubs",
    "action": "wagtail.publish",
    "data": {},
    "timestamp": "2025-12-25T18:01:47.474Z",
    "uuid": "fcca88fe-a955-48f6-a716-ee2ff6c91ea4",
    "user": 1,
    "revision": 7,
    "content_changed": true,
    "deleted": false,
    "page": 6
  }
},
{
  "model": "wagtailcore.pagelogentry",
  "pk": 19,
  "fields": {
    "content_type": 45,
    "label": "Shelters, Canopies, Walkways and Bin Stores",
    "action": "wagtail.create",
    "data": {},
    "timestamp": "2025-12-25T18:02:15.976Z",
    "uuid": "4589b902-8dff-4689-af38-f30d620e0d70",
    "user": 1,
    "revision": null,
    "content_changed": true,
    "deleted": false,
    "page": 7
  }
},
{
  "model": "wagtailcore.pagelogentry",
  "pk": 20,
  "fields": {
    "content_type": 45,
    "label": "Shelters, Canopies, Walkways and Bin Stores",
    "action": "wagtail.edit",
    "data": {},
    "timestamp": "2025-12-25T18:02:15.988Z",
    "uuid": "4589b902-8dff-4689-af38-f30d620e0d70",
    "user": 1,
    "revision": 8,
    "content_changed": true,
    "deleted": false,
    "page": 7
  }
},
{
  "model": "wagtailcore.pagelogentry",
  "pk": 21,
  "fields": {
    "content_type": 45,
    "label": "Shelters, Canopies, Walkways and Bin Stores",
    "action": "wagtail.edit",
    "data": {},
    "timestamp": "2025-12-25T18:02:45.239Z",
    "uuid": "8aa11469-f7f8-4c60-8e8f-a3f792183b2b",
    "user": 1,
    "revision": 9,
    "content_changed": true,
    "deleted": false,
    "page": 7
  }
},
{
  "model": "wagtailcore.pagelogentry",
  "pk": 22,
  "fields": {
    "content_type": 45,
    "label": "Shelters, Canopies, Walkways and Bin Stores",
    "action": "wagtail.publish",
    "data": {},
    "timestamp": "2025-12-25T18:02:45.252Z",
    "uuid": "8aa11469-f7f8-4c60-8e8f-a3f792183b2b",
    "user": 1,
    "revision": 9,
    "content_changed": false,
    "deleted": false,
    "page": 7
  }
},
{
  "model": "wagtailcore.pagelogentry",
  "pk": 23,
  "fields": {
    "content_type": 45,
    "label": "Street Furniture",
    "action": "wagtail.create",
    "data": {},
    "timestamp": "2025-12-25T18:03:00.209Z",
    "uuid": "ba4bdbbf-609f-4ae2-add1-cceff15eee94",
    "user": 1,
    "revision": null,
    "content_changed": true,
    "deleted": false,
    "page": 8
  }
},
{
  "model": "wagtailcore.pagelogentry",
  "pk": 24,
  "fields": {
    "content_type": 45,
    "label": "Street Furniture",
    "action": "wagtail.edit",
    "data": {},
    "timestamp": "2025-12-25T18:03:00.230Z",
    "uuid": "ba4bdbbf-609f-4ae2-add1-cceff15eee94",
    "user": 1,
    "revision": 10,
    "content_changed": true,
    "deleted": false,
    "page": 8
  }
},
{
  "model": "wagtailcore.pagelogentry",
  "pk": 25,
  "fields": {
    "content_type": 45,
    "label": "Street Furniture",
    "action": "wagtail.publish",
    "data": {},
    "timestamp": "2025-12-25T18:03:00.248Z",
    "uuid": "ba4bdbbf-609f-4ae2-add1-cceff15eee94",
    "user": 1,
    "revision": 10,
    "content_changed": true,
    "deleted": false,
    "page": 8
  }
},
{
  "model": "wagtailcore.pagelogentry",
  "pk": 26,
  "fields": {
    "content_type": 45,
    "label": "Street Furniture",
    "action": "wagtail.edit",
    "data": {},
    "timestamp": "2025-12-25T18:03:11.500Z",
    "uuid": "b6eddb02-3e94-4319-8563-6447ed95fb0d",
    "user": 1,
    "revision": 11,
    "content_changed": true,
    "deleted": false,
    "page": 8
  }
},
{
  "model": "wagtailcore.pagelogentry",
  "pk": 27,
  "fields": {
    "content_type": 45,
    "label": "Street Furniture",
    "action": "wagtail.publish",
    "data": {},
    "timestamp": "2025-12-25T18:03:11.520Z",
    "uuid": "b6eddb02-3e94-4319-8563-6447ed95fb0d",
    "user": 1,
    "revision": 11,
    "content_changed": true,
    "deleted": false,
    "page": 8
  }
},
{
  "model": "wagtailcore.pagelogentry",
  "pk": 28,
  "fields": {
    "content_type": 46,
    "label": "FalcoLevel-Premium+ Two-Tier Cycle Parking",
    "action": "wagtail.create",
    "data": {},
    "timestamp": "2025-12-25T18:06:55.596Z",
    "uuid": "4b917e12-9a42-42bf-b12b-24ba84ed0121",
    "user": 1,
    "revision": null,
    "content_changed": true,
    "deleted": false,
    "page": 9
  }
},
{
  "model": "wagtailcore.pagelogentry",
  "pk": 29,
  "fields": {
    "content_type": 46,
    "label": "FalcoLevel-Premium+ Two-Tier Cycle Parking",
    "action": "wagtail.edit",
    "data": {},
    "timestamp": "2025-12-25T18:06:55.621Z",
    "uuid": "4b917e12-9a42-42bf-b12b-24ba84ed0121",
    "user": 1,
    "revision": 12,
    "content_changed": true,
    "deleted": false,
    "page": 9
  }
},
{
  "model": "wagtailcore.pagelogentry",
  "pk": 30,
  "fields": {
    "content_type": 46,
    "label": "FalcoLevel-Premium+ Two-Tier Cycle Parking",
    "action": "wagtail.publish",
    "data": {},
    "timestamp": "2025-12-25T18:06:55.640Z",
    "uuid": "4b917e12-9a42-42bf-b12b-24ba84ed0121",
    "user": 1,
    "revision": 12,
    "content_changed": true,
    "deleted": false,
    "page": 9
  }
},
{
  "model": "wagtailcore.pagelogentry",
  "pk": 31,
  "fields": {
    "content_type": 48,
    "label": "About ODENN",
    "action": "wagtail.edit",
    "data": {},
    "timestamp": "2025-12-25T18:27:26.902Z",
    "uuid": "e01cd31b-7378-4b0b-9713-d5615b5e1dea",
    "user": 1,
    "revision": 13,
    "content_changed": true,
    "deleted": false,
    "page": 4
  }
},
{
  "model": "wagtailcore.pagelogentry",
  "pk": 32,
  "fields": {
    "content_type": 48,
    "label": "About ODENN",
    "action": "wagtail.publish",
    "data": {},
    "timestamp": "2025-12-25T18:27:26.923Z",
    "uuid": "e01cd31b-7378-4b0b-9713-d5615b5e1dea",
    "user": 1,
    "revision": 13,
    "content_changed": true,
    "deleted": false,
    "page": 4
  }
},
{
  "model": "wagtailcore.pagelogentry",
  "pk": 33,
  "fields": {
    "content_type": 49,
    "label": "Contact Us",
    "action": "wagtail.create",
    "data": {},
    "timestamp": "2025-12-25T18:33:15.526Z",
    "uuid": "888938de-ea67-4230-9554-2ab67e7841f0",
    "user": 1,
    "revision": null,
    "content_changed": true,
    "deleted": false,
    "page": 10
  }
},
{
  "model": "wagtailcore.pagelogentry",
  "pk": 34,
  "fields": {
    "content_type": 49,
    "label": "Contact Us",
    "action": "wagtail.edit",
    "data": {},
    "timestamp": "2025-12-25T18:33:15.550Z",
    "uuid": "888938de-ea67-4230-9554-2ab67e7841f0",
    "user": 1,
    "revision": 14,
    "content_changed": true,
    "deleted": false,
    "page": 10
  }
},
{
  "model": "wagtailcore.pagelogentry",
  "pk": 35,
  "fields": {
    "content_type": 49,
    "label": "Contact Us",
    "action": "wagtail.publish",
    "data": {},
    "timestamp": "2025-12-25T18:33:15.567Z",
    "uuid": "888938de-ea67-4230-9554-2ab67e7841f0",
    "user": 1,
    "revision": 14,
    "content_changed": true,
    "deleted": false,
    "page": 10
  }
},
{
  "model": "wagtailcore.pagelogentry",
  "pk": 36,
  "fields": {
    "content_type": 47,
    "label": "home",
    "action": "wagtail.edit",
    "data": {},
    "timestamp": "2025-12-25T18:35:37.874Z",
    "uuid": "9d944548-96fa-4f16-9341-553676a7d28d",
    "user": 1,
    "revision": 15,
    "content_changed": true,
    "deleted": false,
    "page": 3
  }
},
{
  "model": "wagtailcore.pagelogentry",
  "pk": 37,
  "fields": {
    "content_type": 47,
    "label": "home",
    "action": "wagtail.publish",
    "data": {},
    "timestamp": "2025-12-25T18:35:37.896Z",
    "uuid": "9d944548-96fa-4f16-9341-553676a7d28d",
    "user": 1,
    "revision": 15,
    "content_changed": true,
    "deleted": false,
    "page": 3
  }
},
{
  "model": "wagtailcore.pagelogentry",
  "pk": 38,
  "fields": {
    "content_type": 50,
    "label": "Products",
    "action": "wagtail.create",
    "data": {},
    "timestamp": "2025-12-25T18:46:18.023Z",
    "uuid": "b4222ea1-08c3-4f61-adf3-cb16960bc14f",
    "user": 1,
    "revision": null,
    "content_changed": true,
    "deleted": false,
    "page": 11
  }
},
{
  "model": "wagtailcore.pagelogentry",
  "pk": 39,
  "fields": {
    "content_type": 50,
    "label": "Products",
    "action": "wagtail.edit",
    "data": {},
    "timestamp": "2025-12-25T18:46:18.038Z",
    "uuid": "b4222ea1-08c3-4f61-adf3-cb16960bc14f",
    "user": 1,
    "revision": 16,
    "content_changed": true,
    "deleted": false,
    "page": 11
  }
},
{
  "model": "wagtailcore.pagelogentry",
  "pk": 40,
  "fields": {
    "content_type": 50,
    "label": "Products",
    "action": "wagtail.publish",
    "data": {},
    "timestamp": "2025-12-25T18:46:18.051Z",
    "uuid": "b4222ea1-08c3-4f61-adf3-cb16960bc14f",
    "user": 1,
    "revision": 16,
    "content_changed": true,
    "deleted": false,
    "page": 11
  }
},
{
  "model": "wagtailcore.pagelogentry",
  "pk": 41,
  "fields": {
    "content_type": 1,
    "label": "Cycle Parking",
    "action": "wagtail.move",
    "data": {
      "source": {
        "id": 3,
        "title": "home"
      },
      "destination": {
        "id": 11,
        "title": "Products"
      }
    },
    "timestamp": "2025-12-25T18:46:46.824Z",
    "uuid": "f123521a-20a8-4c4a-8625-7581d022ac73",
    "user": 1,
    "revision": null,
    "content_changed": false,
    "deleted": false,
    "page": 5
  }
},
{
  "model": "wagtailcore.pagelogentry",
  "pk": 42,
  "fields": {
    "content_type": 1,
    "label": "Cycle Hubs",
    "action": "wagtail.move",
    "data": {
      "source": {
        "id": 3,
        "title": "home"
      },
      "destination": {
        "id": 11,
        "title": "Products"
      }
    },
    "timestamp": "2025-12-25T18:46:46.836Z",
    "uuid": "f123521a-20a8-4c4a-8625-7581d022ac73",
    "user": 1,
    "revision": null,
    "content_changed": false,
    "deleted": false,
    "page": 6
  }
},
{
  "model": "wagtailcore.pagelogentry",
  "pk": 43,
  "fields": {
    "content_type": 1,
    "label": "Shelters, Canopies, Walkways and Bin Stores",
    "action": "wagtail.move",
    "data": {
      "source": {
        "id": 3,
        "title": "home"
      },
      "destination": {
        "id": 11,
        "title": "Products"
      }
    },
    "timestamp": "2025-12-25T18:46:46.846Z",
    "uuid": "f123521a-20a8-4c4a-8625-7581d022ac73",
    "user": 1,
    "revision": null,
    "content_changed": false,
    "deleted": false,
    "page": 7
  }
},
{
  "model": "wagtailcore.pagelogentry",
  "pk": 44,
  "fields": {
    "content_type": 1,
    "label": "Street Furniture",
    "action": "wagtail.move",
    "data": {
      "source": {
        "id": 3,
        "title": "home"
      },
      "destination": {
        "id": 11,
        "title": "Products"
      }
    },
    "timestamp": "2025-12-25T18:46:46.855Z",
    "uuid": "f123521a-20a8-4c4a-8625-7581d022ac73",
    "user": 1,
    "revision": null,
    "content_changed": false,
    "deleted": false,
    "page": 8
  }
},
{
  "model": "wagtailcore.pagelogentry",
  "pk": 45,
  "fields": {
    "content_type": 50,
    "label": "Products",
    "action": "wagtail.edit",
    "data": {},
    "timestamp": "2025-12-25T18:49:52.552Z",
    "uuid": "53ab30c8-06d6-47ff-a6ef-ca2ef4a80a91",
    "user": 1,
    "revision": 17,
    "content_changed": true,
    "deleted": false,
    "page": 11
  }
},
{
  "model": "wagtailcore.pagelogentry",
  "pk": 46,
  "fields": {
    "content_type": 50,
    "label": "Products",
    "action": "wagtail.publish",
    "data": {},
    "timestamp": "2025-12-25T18:49:52.573Z",
    "uuid": "53ab30c8-06d6-47ff-a6ef-ca2ef4a80a91",
    "user": 1,
    "revision": 17,
    "content_changed": false,
    "deleted": false,
    "page": 11
  }
},
{
  "model": "wagtailcore.pagelogentry",
  "pk": 47,
  "fields": {
    "content_type": 47,
    "label": "home",
    "action": "wagtail.edit",
    "data": {},
    "timestamp": "2025-12-25T18:59:55.797Z",
    "uuid": "cbd3c4e3-e093-4cf5-8866-6a75d3b0e50d",
    "user": 1,
    "revision": 18,
    "content_changed": true,
    "deleted": false,
    "page": 3
  }
},
{
  "model": "wagtailcore.pagelogentry",
  "pk": 48,
  "fields": {
    "content_type": 47,
    "label": "home",
    "action": "wagtail.publish",
    "data": {},
    "timestamp": "2025-12-25T18:59:55.817Z",
    "uuid": "cbd3c4e3-e093-4cf5-8866-6a75d3b0e50d",
    "user": 1,
    "revision": 18,
    "content_changed": true,
    "deleted": false,
    "page": 3
  }
},
{
  "model": "wagtailcore.pagelogentry",
  "pk": 49,
  "fields": {
    "content_type": 45,
    "label": "Street Furniture",
    "action": "wagtail.edit",
    "data": {},
    "timestamp": "2025-12-25T19:06:13.858Z",
    "uuid": "bc427bec-cee0-44a4-9dac-7d929068fca5",
    "user": 1,
    "revision": 19,
    "content_changed": true,
    "deleted": false,
    "page": 8
  }
},
{
  "model": "wagtailcore.pagelogentry",
  "pk": 50,
  "fields": {
    "content_type": 45,
    "label": "Shelters, Canopies, Walkways and Bin Stores",
    "action": "wagtail.edit",
    "data": {},
    "timestamp": "2025-12-25T19:07:00.119Z",
    "uuid": "aac30b6c-b7b9-496c-8e64-eddc9a9fbc55",
    "user": 1,
    "revision": 20,
    "content_changed": true,
    "deleted": false,
    "page": 7
  }
},
{
  "model": "wagtailcore.pagelogentry",
  "pk": 51,
  "fields": {
    "content_type": 45,
    "label": "Cycle Hubs",
    "action": "wagtail.edit",
    "data": {},
    "timestamp": "2025-12-25T19:08:02.680Z",
    "uuid": "2598f10e-38a0-49f3-9c05-fd3401d93c42",
    "user": 1,
    "revision": 21,
    "content_changed": true,
    "deleted": false,
    "page": 6
  }
},
{
  "model": "wagtailcore.pagelogentry",
  "pk": 52,
  "fields": {
    "content_type": 45,
    "label": "Cycle Hubs",
    "action": "wagtail.publish",
    "data": {},
    "timestamp": "2025-12-25T19:08:02.701Z",
    "uuid": "2598f10e-38a0-49f3-9c05-fd3401d93c42",
    "user": 1,
    "revision": 21,
    "content_changed": true,
    "deleted": false,
    "page": 6
  }
},
{
  "model": "wagtailcore.pagelogentry",
  "pk": 53,
  "fields": {
    "content_type": 45,
    "label": "Shelters, Canopies, Walkways and Bin Stores",
    "action": "wagtail.edit",
    "data": {},
    "timestamp": "2025-12-25T19:08:09.460Z",
    "uuid": "5ddf6eac-65ad-4643-a09e-dc6f9d7f0edb",
    "user": 1,
    "revision": 22,
    "content_changed": true,
    "deleted": false,
    "page": 7
  }
},
{
  "model": "wagtailcore.pagelogentry",
  "pk": 54,
  "fields": {
    "content_type": 45,
    "label": "Shelters, Canopies, Walkways and Bin Stores",
    "action": "wagtail.publish",
    "data": {},
    "timestamp": "2025-12-25T19:08:09.474Z",
    "uuid": "5ddf6eac-65ad-4643-a09e-dc6f9d7f0edb",
    "user": 1,
    "revision": 22,
    "content_changed": false,
    "deleted": false,
    "page": 7
  }
},
{
  "model": "wagtailcore.pagelogentry",
  "pk": 55,
  "fields": {
    "content_type": 45,
    "label": "Street Furniture",
    "action": "wagtail.edit",
    "data": {},
    "timestamp": "2025-12-25T19:08:16.015Z",
    "uuid": "39319f8d-5e0b-4c31-9d13-95f4200aba6b",
    "user": 1,
    "revision": 23,
    "content_changed": true,
    "deleted": false,
    "page": 8
  }
},
{
  "model": "wagtailcore.pagelogentry",
  "pk": 56,
  "fields": {
    "content_type": 45,
    "label": "Street Furniture",
    "action": "wagtail.publish",
    "data": {},
    "timestamp": "2025-12-25T19:08:16.031Z",
    "uuid": "39319f8d-5e0b-4c31-9d13-95f4200aba6b",
    "user": 1,
    "revision": 23,
    "content_changed": false,
    "deleted": false,
    "page": 8
  }
},
{
  "model": "wagtailcore.pagelogentry",
  "pk": 57,
  "fields": {
    "content_type": 45,
    "label": "Cycle Parking",
    "action": "wagtail.edit",
    "data": {},
    "timestamp": "2025-12-25T19:08:29.485Z",
    "uuid": "ca3ff99c-624f-41a6-81ba-a6e25c2ef9b9",
    "user": 1,
    "revision": 24,
    "content_changed": true,
    "deleted": false,
    "page": 5
  }
},
{
  "model": "wagtailcore.pagelogentry",
  "pk": 58,
  "fields": {
    "content_type": 45,
    "label": "Cycle Parking",
    "action": "wagtail.publish",
    "data": {},
    "timestamp": "2025-12-25T19:08:29.505Z",
    "uuid": "ca3ff99c-624f-41a6-81ba-a6e25c2ef9b9",
    "user": 1,
    "revision": 24,
    "content_changed": true,
    "deleted": false,
    "page": 5
  }
},
{
  "model": "wagtailcore.pagelogentry",
  "pk": 59,
  "fields": {
    "content_type": 46,
    "label": "FalcoLevel-Premium+ Two-Tier Cycle Parking",
    "action": "wagtail.edit",
    "data": {},
    "timestamp": "2025-12-25T19:15:08.438Z",
    "uuid": "75085ce2-4870-4319-9ec5-8ce75324b284",
    "user": 1,
    "revision": 25,
    "content_changed": true,
    "deleted": false,
    "page": 9
  }
},
{
  "model": "wagtailcore.pagelogentry",
  "pk": 60,
  "fields": {
    "content_type": 46,
    "label": "FalcoLevel-Premium+ Two-Tier Cycle Parking",
    "action": "wagtail.publish",
    "data": {},
    "timestamp": "2025-12-25T19:15:08.456Z",
    "uuid": "75085ce2-4870-4319-9ec5-8ce75324b284",
    "user": 1,
    "revision": 25,
    "content_changed": true,
    "deleted": false,
    "page": 9
  }
},
{
  "model": "wagtailcore.pagesubscription",
  "pk": 2,
  "fields": {
    "user": 1,
    "page": 3,
    "comment_notifications": true
  }
},
{
  "model": "wagtailcore.pagesubscription",
  "pk": 3,
  "fields": {
    "user": 1,
    "page": 4,
    "comment_notifications": true
  }
},
{
  "model": "wagtailcore.pagesubscription",
  "pk": 4,
  "fields": {
    "user": 1,
    "page": 5,
    "comment_notifications": true
  }
},
{
  "model": "wagtailcore.pagesubscription",
  "pk": 5,
  "fields": {
    "user": 1,
    "page": 6,
    "comment_notifications": true
  }
},
{
  "model": "wagtailcore.pagesubscription",
  "pk": 6,
  "fields": {
    "user": 1,
    "page": 7,
    "comment_notifications": true
  }
},
{
  "model": "wagtailcore.pagesubscription",
  "pk": 7,
  "fields": {
    "user": 1,
    "page": 8,
    "comment_notifications": true
  }
},
{
  "model": "wagtailcore.pagesubscription",
  "pk": 8,
  "fields": {
    "user": 1,
    "page": 9,
    "comment_notifications": true
  }
},
{
  "model": "wagtailcore.pagesubscription",
  "pk": 9,
  "fields": {
    "user": 1,
    "page": 10,
    "comment_notifications": true
  }
},
{
  "model": "wagtailcore.pagesubscription",
  "pk": 10,
  "fields": {
    "user": 1,
    "page": 11,
    "comment_notifications": true
  }
},
{
  "model": "wagtailcore.referenceindex",
  "pk": 1,
  "fields": {
    "content_type": 28,
    "base_content_type": 28,
    "object_id": "1",
    "to_content_type": 10,
    "to_object_id": "1",
    "model_path": "collection",
    "content_path": "collection",
    "content_path_hash": "b40b1263-e929-57f2-a7f8-9dbce56b887b"
  }
},
{
  "model": "wagtailcore.referenceindex",
  "pk": 2,
  "fields": {
    "content_type": 48,
    "base_content_type": 1,
    "object_id": "4",
    "to_content_type": 28,
    "to_object_id": "1",
    "model_path": "body.image",
    "content_path": "body.2196f4bd-4257-4a98-905f-acf5f9711367",
    "content_path_hash": "b7407a30-a916-533e-8f68-e595dae6b59c"
  }
},
{
  "model": "wagtailcore.referenceindex",
  "pk": 3,
  "fields": {
    "content_type": 28,
    "base_content_type": 28,
    "object_id": "2",
    "to_content_type": 10,
    "to_object_id": "1",
    "model_path": "collection",
    "content_path": "collection",
    "content_path_hash": "b40b1263-e929-57f2-a7f8-9dbce56b887b"
  }
},
{
  "model": "wagtailcore.referenceindex",
  "pk": 4,
  "fields": {
    "content_type": 46,
    "base_content_type": 1,
    "object_id": "9",
    "to_content_type": 28,
    "to_object_id": "2",
    "model_path": "image",
    "content_path": "image",
    "content_path_hash": "3cb1a537-a728-548b-b207-8423b6010580"
  }
},
{
  "model": "wagtailcore.referenceindex",
  "pk": 5,
  "fields": {
    "content_type": 28,
    "base_content_type": 28,
    "object_id": "3",
    "to_content_type": 10,
    "to_object_id": "1",
    "model_path": "collection",
    "content_path": "collection",
    "content_path_hash": "b40b1263-e929-57f2-a7f8-9dbce56b887b"
  }
},
{
  "model": "wagtailcore.referenceindex",
  "pk": 6,
  "fields": {
    "content_type": 47,
    "base_content_type": 1,
    "object_id": "3",
    "to_content_type": 28,
    "to_object_id": "3",
    "model_path": "hero_background",
    "content_path": "hero_background",
    "content_path_hash": "f9db981a-7f06-57d1-b24e-062dd4d09915"
  }
},
{
  "model": "wagtailcore.referenceindex",
  "pk": 7,
  "fields": {
    "content_type": 28,
    "base_content_type": 28,
    "object_id": "4",
    "to_content_type": 10,
    "to_object_id": "1",
    "model_path": "collection",
    "content_path": "collection",
    "content_path_hash": "b40b1263-e929-57f2-a7f8-9dbce56b887b"
  }
},
{
  "model": "wagtailcore.referenceindex",
  "pk": 8,
  "fields": {
    "content_type": 28,
    "base_content_type": 28,
    "object_id": "5",
    "to_content_type": 10,
    "to_object_id": "1",
    "model_path": "collection",
    "content_path": "collection",
    "content_path_hash": "b40b1263-e929-57f2-a7f8-9dbce56b887b"
  }
},
{
  "model": "wagtailcore.referenceindex",
  "pk": 9,
  "fields": {
    "content_type": 28,
    "base_content_type": 28,
    "object_id": "6",
    "to_content_type": 10,
    "to_object_id": "1",
    "model_path": "collection",
    "content_path": "collection",
    "content_path_hash": "b40b1263-e929-57f2-a7f8-9dbce56b887b"
  }
},
{
  "model": "wagtailcore.referenceindex",
  "pk": 10,
  "fields": {
    "content_type": 45,
    "base_content_type": 1,
    "object_id": "6",
    "to_content_type": 28,
    "to_object_id": "6",
    "model_path": "cover_photo",
    "content_path": "cover_photo",
    "content_path_hash": "1608ec1d-5eab-599b-9d4c-723c9c370a2e"
  }
},
{
  "model": "wagtailcore.referenceindex",
  "pk": 11,
  "fields": {
    "content_type": 45,
    "base_content_type": 1,
    "object_id": "7",
    "to_content_type": 28,
    "to_object_id": "5",
    "model_path": "cover_photo",
    "content_path": "cover_photo",
    "content_path_hash": "1608ec1d-5eab-599b-9d4c-723c9c370a2e"
  }
},
{
  "model": "wagtailcore.referenceindex",
  "pk": 12,
  "fields": {
    "content_type": 45,
    "base_content_type": 1,
    "object_id": "8",
    "to_content_type": 28,
    "to_object_id": "4",
    "model_path": "cover_photo",
    "content_path": "cover_photo",
    "content_path_hash": "1608ec1d-5eab-599b-9d4c-723c9c370a2e"
  }
},
{
  "model": "wagtailcore.referenceindex",
  "pk": 13,
  "fields": {
    "content_type": 28,
    "base_content_type": 28,
    "object_id": "7",
    "to_content_type": 10,
    "to_object_id": "1",
    "model_path": "collection",
    "content_path": "collection",
    "content_path_hash": "b40b1263-e929-57f2-a7f8-9dbce56b887b"
  }
},
{
  "model": "wagtailcore.referenceindex",
  "pk": 14,
  "fields": {
    "content_type": 45,
    "base_content_type": 1,
    "object_id": "5",
    "to_content_type": 28,
    "to_object_id": "7",
    "model_path": "cover_photo",
    "content_path": "cover_photo",
    "content_path_hash": "1608ec1d-5eab-599b-9d4c-723c9c370a2e"
  }
},
{
  "model": "wagtailcore.referenceindex",
  "pk": 15,
  "fields": {
    "content_type": 27,
    "base_content_type": 27,
    "object_id": "1",
    "to_content_type": 10,
    "to_object_id": "1",
    "model_path": "collection",
    "content_path": "collection",
    "content_path_hash": "b40b1263-e929-57f2-a7f8-9dbce56b887b"
  }
},
{
  "model": "wagtailcore.referenceindex",
  "pk": 16,
  "fields": {
    "content_type": 46,
    "base_content_type": 1,
    "object_id": "9",
    "to_content_type": 27,
    "to_object_id": "1",
    "model_path": "specification_pdf",
    "content_path": "specification_pdf",
    "content_path_hash": "c73a0198-ff5a-5714-95a8-f0eb928b07f2"
  }
},
{
  "model": "products.productslistingpage",
  "pk": 11,
  "fields": {
    "intro": ""
  }
},
{
  "model": "products.productindexpage",
  "pk": 5,
  "fields": {
    "cover_photo": 7,
    "intro": "<h2 data-block-key=\"uv35m\"><b><i>Cycle Parking – Innovative Bike Parking Solutions Across the UK</i></b><br/></h2><p data-block-key=\"juph\">Falco has been designing, manufacturing and installing cycle parking products for over 60 years, supporting clients in both the public and private sectors to achieve the maximum number of cycle spaces in any given area. With one of the UK’s most extensive product portfolios, Falco provides complete cycle parking solutions to suit every budget, site and requirement.</p><h3 data-block-key=\"47hv7\"><b>A Complete Range of Cycle Parking Products</b></h3><p data-block-key=\"debaf\">Our cycle parking range includes:</p><ul><li data-block-key=\"9j4t9\"><b>Cycle stands</b> – from the classic Sheffield Stand to branded designs.<br/></li><li data-block-key=\"8sgi2\"><b>Cycle racks</b> – including the world’s most popular A-11 cycle rack and the space-efficient FalcoLevel -Premium+ two-tier cycle rack.<br/></li><li data-block-key=\"51ji3\"><b>Cycle lockers</b> – such as the exceptionally secure FalcoSafe cycle locker, ideal for workplaces and stations.<br/></li><li data-block-key=\"9g46o\"><b>Cycle shelters &amp; hubs</b> – from small covered shelters to large-scale facilities such as the FalcoHub and FalcoScandic.<br/></li><li data-block-key=\"1jtuv\"><b>Advanced cycle parking products</b> – including innovative automated and smart solutions to meet the needs of future mobility.</li></ul><p data-block-key=\"b6ar0\">All products are manufactured from durable, sustainable materials, with a wide range of finishes and colours available.<br/></p><h3 data-block-key=\"3qo9\"><b>Trusted Cycle Parking Infrastructure Across the UK</b></h3><p data-block-key=\"318i3\">Falco has delivered thousands of cycle parking projects nationwide, helping to promote active travel and sustainable transport. Recent projects include:</p><ul><li data-block-key=\"eeb4v\">3,000 cycle parking spaces for the record breaking Cambridge CyclePoint, featuring 3,000 mixed-use cycle parking spaces.</li><li data-block-key=\"1gu6b\">1,000 cycle parking spaces for the former largest cycle park at Chelmsford Station. </li><li data-block-key=\"3aikj\">Secure, bespoke cycle hubs for over 30 NHS Hospitals.</li><li data-block-key=\"bj2ae\">Bespoke cycle hubs for Avanti West Coast Franchised Stations.</li><li data-block-key=\"bllor\">Secure Bike Hangars for a wide range of Councils across the UK including: LB Ealing, LB Lewisham, LB Richmond &amp; Wandsworth, Camden Council, LB Merton and Shrewsbury Town Council.</li><li data-block-key=\"9bsn\">Extensive range of cycle parking for ScotRail Stations as part of the ScotRail Cycle Innovation Plan.</li><li data-block-key=\"dlem1\">Mixed-use cycle parking for Manchester Piccaddily Station. </li></ul><p data-block-key=\"9r2f9\">These projects demonstrate our ability to deliver cycle parking infrastructure on every scale, from a few Sheffield stands to multi-thousand-space cycle hubs.<br/></p><h3 data-block-key=\"61sfj\"><b>End-to-End Cycle Parking Service</b></h3><p data-block-key=\"eo3me\">Falco provides a complete cycle parking infrastructure package, including:</p><ul><li data-block-key=\"66kvq\">Free consultation and site surveys<br/></li><li data-block-key=\"90c4r\">Free CAD design, layouts and schematics<br/></li><li data-block-key=\"dtlmn\">High-quality 3D graphics and visualisations<br/></li><li data-block-key=\"a8kq4\">Manufacture and powder-coating in over 190 RAL colours<br/></li><li data-block-key=\"avnv0\">Groundworks, delivery, installation and sign-off by our in-house team</li></ul><h3 data-block-key=\"3mhrv\"><b>Cycle Parking for Every Sector</b></h3><p data-block-key=\"6cqhu\">Falco cycle parking solutions are ideal for:</p><ul><li data-block-key=\"74i75\"><b>Railway stations and transport hubs</b><br/></li><li data-block-key=\"5vqn9\"><b>Universities, schools and colleges</b><br/></li><li data-block-key=\"f500f\"><b>Workplaces, business parks and offices</b><br/></li><li data-block-key=\"2flm\"><b>Hospitals and healthcare facilities</b><br/></li><li data-block-key=\"5ns8d\"><b>Councils, local authorities and public realm projects</b><br/></li><li data-block-key=\"2t2hn\"><b>Retail and leisure centres</b></li></ul><p data-block-key=\"7q0uk\">Whether you require cost-effective cycle parking for a small site or a large-scale cycle hub to serve thousands of users, Falco has the expertise and product range to deliver.<br/></p><h3 data-block-key=\"afja6\"><b>Why Choose Falco Cycle Parking?</b></h3><ul><li data-block-key=\"dls1n\">Over 50 years’ experience in cycle parking innovation<br/></li><li data-block-key=\"c8vce\">Trusted by councils, rail operators, universities and major UK businesses<br/></li><li data-block-key=\"e61au\">Products designed for compliance with UK and European standards<br/></li><li data-block-key=\"1ofho\">Sustainable materials and finishes to support Net Zero and BREEAM requirements<br/></li><li data-block-key=\"6pf0n\">A complete service from consultation through to installation</li></ul>"
  }
},
{
  "model": "products.productindexpage",
  "pk": 6,
  "fields": {
    "cover_photo": 6,
    "intro": "<p data-block-key=\"2w7bc\"></p><p data-block-key=\"ehvcu\">In Ireland ‘Cycle Hubs’ is a relatively new concept and is a development of the recent growth in cycling. Essentially, a cycle hub is a cycling centre around which various facilities come together: e.g. cycle parking, bike repair facilities, cycling information - a multiple of services to support the cyclist. A Cycle Hub is essentially a centralised facility, designed to promote and support cycling as a mode of transportation, recreation, and overall well-being. It serves as a one-stop facility for cyclists, offering a range of services and amenities that cater to a range of cycling needs. A core element is usually cycle parking and Falco has been at the forefront of developing this concept over the last few years.</p><p data-block-key=\"9v2gj\">By bringing together cyclists, local businesses and community groups, a Cycle Hub helps to create a vibrant and sustainable cycling ecosystem. It promotes a healthier, more environmentally friendly, and cost-effective way to travel, while also contributing to the local economy and community development.<br/><br/><i>Bespoke Cycle Hub for Ipswich NHS Hospital</i></p><p data-block-key=\"cr1no\">In essence, a Cycle Hub is more than just a facility – it's a catalyst for positive change, inspiring people to get on their bikes and ride towards a brighter, more sustainable future.</p><h3 data-block-key=\"260hp\"><b>The Design</b></h3><p data-block-key=\"50oq1\">Whether manned or unmanned, when thinking of cycle hub design, you need to consider what services you wish to provide to the user. Our experience has taught us that there are four core elements to consider when designing a cycle hub:<br/></p><ol><li data-block-key=\"c66cj\"><b>Information</b></li><li data-block-key=\"6qmr7\"><b>Security and Safety</b></li><li data-block-key=\"3coea\"><b>User Facilities</b></li><li data-block-key=\"dmu5f\"><b>Practicalities </b></li></ol><p data-block-key=\"7f38e\"></p><ol><li data-block-key=\"8gpe6\"><b>Information</b><br/><br/>A key part of any public service is giving the user good information - make life easy for the cyclist!<br/></li></ol><ul><li data-block-key=\"bkosb\"><b>Branding</b> - developing an appealing concept for the facility creates ‘buy-in’ for the users, promoting respect for how people are to use the hub. Create a unique brand or link it to a wider scheme e.g. simple vinyls make a big difference for a low cost.</li><li data-block-key=\"6u064\"><b>Signage</b> - help the cyclist find your hub! Directional and integrated signage at all entrances, paths and routes in the area.</li><li data-block-key=\"ejiog\"><b>Information Point</b> - information as a part of the facility: provide leaflets, cycle routes and maps for the cyclist to use. Make the hub an information hub!</li></ul><p data-block-key=\"e0nii\"></p><h4 data-block-key=\"a7o04\"><b>2. Security and Safety</b></h4><p data-block-key=\"1ba7d\">This is core thinking for any cyclist – am I safe? will my bike be safe? If you want people to use the hub, then this is a key aspect, consider the following:</p><ul><li data-block-key=\"dlugh\"><b>Location</b> - although there is much to think about here, try and position the facility as near to the cyclists ultimate destination as possible.</li><li data-block-key=\"ac7qd\"><b>Visibility</b> - don’t hide your hub! If unmanned try and keep it within visibility of staff, other organisations and the public, could the area be patrolled?</li><li data-block-key=\"73d3l\"><b>Building Design</b> - what type of hub do you want to provide? A secure store, inside a purpose built building, outside either completely open or with a canopy or roof, as a secure compound or perhaps within an existing building?</li><li data-block-key=\"2004h\"><b>Access Types</b> - if the facility is to be secure then what kind of access will be used and how will this be managed - shared key, keypad, swipe card/fob, biometrics; managed or stand alone. Is an ‘airlock’ or turnstile required for single or multiple users?</li><li data-block-key=\"e1n62\"><b>CCTV</b> - this adds a huge amount of confidence to the cyclist leaving a potentially expensive bike at the hub.</li><li data-block-key=\"6lq5b\"><b>Lighting</b> - even if the facility isn’t 24 hour, dark Winter nights mean the facility needs some form of lighting.</li><li data-block-key=\"80b7o\"><b>Help Point</b> - if unmanned, perhaps the placing of Help Points would be appropriate.</li><li data-block-key=\"77l9k\"><b>Cycle Racks</b> - do the racks provide at least two point locking? Are they robust and secure?<br/></li></ul><p data-block-key=\"53f29\"></p><h4 data-block-key=\"d8ld8\"><b>3. User Facilities</b></h4><p data-block-key=\"9r9tl\">What’s the difference between a cycle park anda cycle hub? It’s the additional facilities on offer! What standard of facility could you provide your cyclists? Perhaps consider some of the following key facilities:<br/></p><ul><li data-block-key=\"v0sf\"><b>Cycle Parking</b> - what kind of cycle parking do youwish to offer – Sheffield stands, two tier racks,traditional racks and stands, cycle lockers, perhapseven a bespoke design? How many locking points are required?</li><li data-block-key=\"81k7h\"><b>Helmet / General Lockers</b> - providing safe secure lockers for bags, helmets and accessories provides a real help to the cyclist.</li><li data-block-key=\"clsm8\"><b>Pump</b> - whether an electric or manual cycle pump, this is a basic requirement for everyone.</li><li data-block-key=\"sl5\"><b>Bike Repair Station</b> - a simple facility incorporating a pump, cycle tools and other useful equipment.</li><li data-block-key=\"dvrue\"><b>Vending Machine</b> - either floor or wall mounted, a great idea to provide a source of inner tubes, repair kits and other useful cycling paraphernalia.</li><li data-block-key=\"1pb5t\"><b>Litter Bins</b> - a cleaner environment for cyclists to use.</li><li data-block-key=\"81plg\"><b>Seating</b> - a simple facility for cyclists to use.</li></ul><p data-block-key=\"autuq\">Although this is a list of key cyclist facilities, there is of course much more that can be added to your Cycle Hub design including showers, changing rooms and shops.</p><p data-block-key=\"amqtd\"></p><h4 data-block-key=\"3d1k8\"><b>4. Practicalities</b></h4><p data-block-key=\"2s061\">This is the reality check, the small print if you like. Of course there is the important matter of budgets and what is affordable (and a lot is possible for a relatively modest investment). It is this which drives most things today, but it is important to factor in issues such as: topographical surveys, planning requirements and other restrictions. Although we’ve put this last on the list, these are usually the first things you need to do!</p><p data-block-key=\"dvck0\">Also at all stages of the development process try and consult with any interested parties to garner as much information and ideas as possible, this not only helps to get momentum and best practise in place, but can also help to avoid any post build issues.<br/></p><p data-block-key=\"c4eel\"><br/><i>Bespoke Cycle Hub for Harrow on the Hill Station</i><br/><br/><b>Falco - The Home of Cycle Hubs</b></p><p data-block-key=\"8b9o2\">Falco has been designing, manufacturing, supplying and installing mass cycle parking facilities for over 50 years. With a Dutch parent company, Falco brings the whole wealth of European knowledge and understanding to it’s UK operations providing best practise and unrivalled experience.</p><p data-block-key=\"2vlsn\"><b>Free Consultancy</b><br/>Why pay for consultancy when good quality advice is available free through Falco’s experienced design team. We provide:</p><ul><li data-block-key=\"4e98b\"><b>Free site surveys</b></li><li data-block-key=\"epj39\"><b>Free CAD design</b></li><li data-block-key=\"acjnh\"><b>Free advice and consultancy on all aspects of cycle hub design</b><br/></li></ul><p data-block-key=\"4bfu3\">We have supplied solutions to all sectors of the UK including; Train Operating Companies, Local Authorities, NHS, MOD and the private sector.</p><p data-block-key=\"capq5\">AutoCAD, Rendering and Visual DesignFalco provide a comprehensive free design service using dynamic AutoCAD blocks and rendering images to help clients visualise their cycle hub design. 3D rendering graphics are available for all of our cycle hub designs with both internal and external perspectives available. All rendering graphics can be incorporated onto real time photos to provide a bona fide perspective of the cycle hub in real life.   </p><p data-block-key=\"77fsk\"><b>Innovative Product Range</b></p><p data-block-key=\"en6js\">Falco is an original equipment manufacturer - from basic Sheffield stands to innovative bespoke designs, from stand alone shelters to secure access stores – all are Falco manufactured, so we can control all aspects of supply; plus a range of peripherals such as Repair Stations and Cycle Counters, so make Falco the number one choice for your cycle hub solutions.</p>"
  }
},
{
  "model": "products.productindexpage",
  "pk": 7,
  "fields": {
    "cover_photo": 5,
    "intro": ""
  }
},
{
  "model": "products.productindexpage",
  "pk": 8,
  "fields": {
    "cover_photo": 4,
    "intro": "<p data-block-key=\"iu44u\">Falco manufactures a comprehensive range of high quality street furniture products for any environment. From cost-effective, modular ranges of outdoor seating, to architectural seating arrangements and traditional cast iron bollards and timber planters, the street furniture range is here to give architects, designers and specifiers’ inspiration and choice.</p><p data-block-key=\"3ufeg\">Our comprehensive range includes; outdoor seating, benches, stools and chairs, litter bins and recycling units, picnic tables and outdoor tables, bollards and demarcation posts, planters, tree guides, tree grilles and tree protection guards, barriers and parking reservation posts – the whole range of street furniture requirements. The design led aspect of Falco street furniture enables it to accentuate any scheme - from parks and recreation areas to stations, local authorities and regeneration projects.</p><p data-block-key=\"5tltr\">Falco has designed, manufactured, supplied and installed street furniture products for a wide range of key transport terminals, hospitals, universities, schools, football clubs, high streets and private commercial buildings, these include Loughborough University, Middlesex University, Warwick University, Euston Railway Station, Manchester United and Manchester City Football Clubs.</p><p data-block-key=\"copk9\">Falco provide a comprehensive street furniture design and installation service, this includes free site surveys, free CAD design, schematics and rendering drawings, groundworks, manufacture, supply and installation to final sign off. Falco can also adapt many of our product ranges to meet the bespoke requirements of the client, this includes incorporating brands, logos and location names into our street furniture products as well as bespoke dimensions and a powder coated finish in any of the 192 RAL colours.</p>"
  }
},
{
  "model": "products.productpage",
  "pk": 9,
  "fields": {
    "description": "<h2 data-block-key=\"93erx\">Benefits</h2><p data-block-key=\"asn4o\">Compared to traditional two-tier cycle parking systems, the new aluminium FalcoLevel Premium+ two tier cycle rack from Falco, has some distinct benefits over its cheaper rivals:</p><ul><li data-block-key=\"fkgdd\">Significant sound reduction from upper tier removing a large amount of noise pollution.</li><li data-block-key=\"2efen\">Smoother action for the storage and retrieval of bikes.</li><li data-block-key=\"ave00\">Has multiple locking points for differing cycle designs.</li><li data-block-key=\"147vf\">Just as easy to park a bicycle on the upper rack as the lower rack.</li><li data-block-key=\"5e39b\">Better suited for modern bikes with higher and wider handle bars.</li><li data-block-key=\"cip52\">Lighter to use than steel units making upper tier available to more cyclists.</li><li data-block-key=\"9h5vq\">Ergonomic handgrip, with a thicker, warm to touch material that can be lifted with one or two hands.</li><li data-block-key=\"ebb5g\">Lower lifting height (of the bike into the gutter).</li><li data-block-key=\"61gdc\">The roll in angle of the bike is less steep.</li><li data-block-key=\"dv3lh\">Integrated floating feet for mounting on uneven surfaces.</li><li data-block-key=\"hi9m\">Modular design enables flexible c.t.c. bike spacing measurements.</li><li data-block-key=\"8robd\">Stylish looking modern European design.<br/></li></ul><h2 data-block-key=\"30nvd\">Features</h2><p data-block-key=\"bv3jd\">Some key features of the FalcoLevel-Premium+ arise from it’s two year development cycle:</p><ul><li data-block-key=\"1dg5o\">The FalcoLevel Premium+ has excellent build quality, typical of a Falco product.</li><li data-block-key=\"dm3rg\">Utilises gas struts for easy lifting.</li><li data-block-key=\"fasc7\">Rollers are manufactured from hard wearing nylon with a stainless steel bearing.</li><li data-block-key=\"8pqge\">Adjustable feet for uneven surfaces.</li><li data-block-key=\"55h4d\">Robust welded construction for steel framework - hot dip galvanised to BS EN ISO 1461 and available in 192 RAL colours.<br/></li></ul><p data-block-key=\"76oct\">The FalcoLevel-Premium+ is suitable for indoor or outdoor use. Falco also manufacture a range of single sided and double sided shelter and canopy structures ideal for sheltering the two-tier system. All steel parts can be powder coated in any of the 192 standard RAL colours upon request.</p>",
    "price": "6000.00",
    "sku": "",
    "image": 2,
    "specification_pdf": 1
  }
},
{
  "model": "home.homepage",
  "pk": 3,
  "fields": {
    "hero_background": 3,
    "intro": "<p data-block-key=\"he96x\"><b>ODENN</b> is the Irish partner for <b>Falco</b>, supplying premium eco-friendly bicycle shelters and street furniture designed for sustainable, modern public spaces.</p>",
    "body": "[{\"type\": \"heading\", \"value\": \"About ODENN\", \"id\": \"84616f2d-90f5-4384-b3ed-02d23ead397e\"}, {\"type\": \"paragraph\", \"value\": \"<p data-block-key=\\\"181ln\\\">ODENN is proud to be the Irish supplier of <b>Falco</b>\\u2019s premium range of eco-friendly bicycle shelters and street furniture. With over <b>thirty years of experience</b> managing and growing a successful business, ODENN brings proven expertise, reliability, and a customer-focused approach to every project</p><p data-block-key=\\\"4l368\\\">We are delighted to partner with Falco, a market leader known for innovative, sustainable, and high-quality urban infrastructure solutions. Through this partnership, ODENN is building and supporting Falco\\u2019s customer portfolio across Ireland, helping organisations create durable, attractive, and environmentally responsible public spaces.</p><p data-block-key=\\\"61i4i\\\">ODENN has successfully completed multiple installations nationwide, working with respected organisations such as <b>Irish Rail, University College Dublin (UCD), University College Cork (UCC)</b>, as well as a range of major construction companies. From initial consultation to installation and delivery, we are committed to providing a professional, dependable service tailored to each client\\u2019s needs.</p><p data-block-key=\\\"791jc\\\">At ODENN, our focus is on long-term partnerships, quality workmanship, and sustainable solutions that stand the test of time.</p>\", \"id\": \"7c8948bc-d77c-451b-a264-a8d7cb356923\"}]"
  }
},
{
  "model": "home.aboutpage",
  "pk": 4,
  "fields": {
    "intro": "<p data-block-key=\"ix9it\">ODENN is proud to be the Irish supplier of <b>Falco</b>’s premium range of eco-friendly bicycle shelters and street furniture. With over <b>thirty years of experience</b> managing and growing a successful business, ODENN brings proven expertise, reliability, and a customer-focused approach to every project.</p><p data-block-key=\"5ueo0\">We are delighted to partner with Falco, a market leader known for innovative, sustainable, and high-quality urban infrastructure solutions. Through this partnership, ODENN is building and supporting Falco’s customer portfolio across Ireland, helping organisations create durable, attractive, and environmentally responsible public spaces.</p><p data-block-key=\"e821\">ODENN has successfully completed multiple installations nationwide, working with respected organisations such as <b>Irish Rail, University College Dublin (UCD), University College Cork (UCC)</b>, as well as a range of major construction companies. From initial consultation to installation and delivery, we are committed to providing a professional, dependable service tailored to each client’s needs.</p><p data-block-key=\"1p7fa\">At ODENN, our focus is on long-term partnerships, quality workmanship, and sustainable solutions that stand the test of time.</p>",
    "body": "[{\"type\": \"image\", \"value\": 1, \"id\": \"2196f4bd-4257-4a98-905f-acf5f9711367\"}]"
  }
},
{
  "model": "home.contactpage",
  "pk": 10,
  "fields": {
    "description": "",
    "phone": "+3530000000000",
    "email": "sample@sample.com"
  }
}
]
